sample_id,flip,question,gold,parent_prediction,candidate_prediction,parent_f1,candidate_f1,parent_status,candidate_status
dev_5343,STABLE,"Who is Anne De Mowbray, 8Th Countess Of Norfolk's mother-in-law?","[""Elizabeth Woodville"", ""Elizabeth Wydville"", ""Elizabeth Widvile"", ""Elizabeth Wydeville""]",Elizabeth Woodville,Elizabeth Woodville,1.0,1.0,OK,OK
dev_4784,STABLE,Where was the director of film Taras Bulba (1924 Film) born?,"[""Moscow, Russian Federation"", ""City of Moscow"", ""Moskva, Russia"", ""Moscow"", ""Moskva Federal City, Russia"", ""Moscow, USSR"", ""Moskva"", ""Moscow, Russia"", ""Moscow, Soviet Union"", ""Москва"", ""Moscow, Russian SFSR""]",Russia,Russia,0.6666666666666666,0.6666666666666666,OK,OK
dev_11393,STABLE,Where was the performer of song Stargirl Interlude born?,"[""the five boroughs"", ""City of New York"", ""New York"", ""NY City"", ""New York City"", ""NYC"", ""Big Apple"", ""New York, New York""]",New York City,New York City,1.0,1.0,OK,OK
dev_954,STABLE,Are Ding Yaping and Johann Christian Gustav Lucae of the same nationality?,"[""yes""]",yes,yes,1.0,1.0,OK,OK
dev_91,STABLE,Where does Karin Stoltenberg's husband work at?,"[""United Nations Organization"", ""UN"", ""United Nations"", ""🇺🇳"", ""UNO""]",International Institute for Democracy and Electoral Assistance,International Institute for Democracy and Electoral Assistance,0.0,0.0,OK,OK
dev_10616,STABLE,Who is Georg Ernst Of Limburg Stirum's paternal grandfather?,"[""Hermann Georg of Limburg""]",not in this document,Adolf Ernst of Limburg Stirum,0.0,0.4444444444444445,OK,OK
dev_4961,GAIN,Where did the director of film Yamata die?,"[""London, England"", ""London"", ""London, United Kingdom"", ""London, UK""]",Los Angeles,London,0.0,1.0,OK,OK
dev_7920,STABLE,"When was Mary, Crown Princess Of Denmark's husband born?","[""26 May 1968""]",26 May 1968,26 May 1968,1.0,1.0,OK,OK
dev_1328,GAIN,Where did Ragnall Guthfrithson's father die?,"[""Dublin"", ""Dublin city"", ""City of Dublin""]",not mentioned,Dublin,0.0,1.0,OK,OK
dev_2065,STABLE,"What is the date of birth of Sir John Talbot Power, 3Rd Baronet's father?","[""1800""]",,James Power,0.0,0.0,ERROR,OK
dev_10526,STABLE,Where was the place of death of Imagina Of Isenburg-Limburg's husband?,"[""Göllheim""]",Battle of Göllheim,Battle of Göllheim,0.5,0.5,OK,OK
dev_7368,STABLE,"Who is older, Alan Dugdale or James Conmee?","[""James Conmee""]",James Conmee,James Conmee,1.0,1.0,OK,OK
dev_8904,STABLE,Where was the place of death of Ann Smith Franklin's husband?,"[""Newport"", ""Newport, Rhode Island""]",Newport,Newport,1.0,1.0,OK,OK
dev_10141,STABLE,"Which film was released first, The Killing Room or Dance Raja Dance?","[""Dance Raja Dance""]",Dance Raja Dance,Dance Raja Dance,1.0,1.0,OK,OK
dev_9926,STABLE,"Which film came out first, La Casa Stregata or I Bury The Living?","[""I Bury The Living"", ""I Bury the Living""]",I Bury The Living,I Bury The Living,1.0,1.0,OK,OK
dev_1850,STABLE,Who is the spouse of the director of film Den Of Iniquity?,"[""Kate David"", ""Ekaterina Nagy von Cziser"", ""Kitty Fattini"", ""Käthe von Nagy"", ""Kate de Nagy"", ""Kathe de Nagy"", ""Kató Nagy""]",Käthe von Nagy,Käthe von Nagy,1.0,1.0,OK,OK
dev_3890,STABLE,Why did Zoia Ceaușescu's father die?,"[""execution by firing squad"", ""Execution by firing squad"", ""firing squad""]",execution by firing squad,execution by firing squad,1.0,1.0,OK,OK
dev_5132,STABLE,"Who is William Ii, Prince Of Nassau-Dillenburg's paternal grandfather?","[""George Louis, Prince of Nassau-Dillenburg"", ""Georg Ludwig Graf von Nassau-Dillenburg""]","George Louis, Prince of Nassau-Dillenburg","George Louis, Prince of Nassau-Dillenburg",1.0,1.0,OK,OK
dev_1456,LOSS,"Who is Henry Noel, 6Th Earl Of Gainsborough's paternal grandfather?","[""Baptist Noel, 3rd Earl of Gainsborough""]","Baptist Noel, 3rd Earl of Gainsborough","Baptist Noel, 4th Earl of Gainsborough",1.0,0.8333333333333334,OK,OK
dev_4167,STABLE,When is Jassim Bin Muhammed Bin Jassim Al Thani's father's birthday?,"[""17 January 1881""]",1914,1914,0.0,0.0,OK,OK
dev_5027,STABLE,"Where was the place of death of Henry Percy, 3Rd Baron Percy's father?","[""Warkworth, Northumberland"", ""Warkworth""]",Alnwick,Alnwick,0.0,0.0,OK,OK
dev_6188,STABLE,Was Kristine Bjørdal Leine or Garrett Williamson born first?,"[""Garrett Williamson"", ""Garett Williamson""]",Garrett Williamson,Garrett Williamson,1.0,1.0,OK,OK
dev_2955,STABLE,What is the place of birth of the director of film Days Of Betrayal?,"[""Hradec Kralove"", ""Hradec Králové""]",Hungary,Hungary,0.0,0.0,OK,OK
dev_9742,STABLE,"Which film has the director who was born later, Atheetham or Otec Neznámý Aneb Cesta Do Hlubin Duše Výstrojního Náčelníka?","[""Otec neznámý aneb cesta do hlubin duše výstrojního náčelníka"", ""Otec Neznámý Aneb Cesta Do Hlubin Duše Výstrojního Náčelníka""]",Otec Neznámý Aneb Cesta Do Hlubin Duše Výstrojního Náčelníka,Otec Neznámý Aneb Cesta Do Hlubin Duše Výstrojního Náčelníka,1.0,1.0,OK,OK
dev_11630,STABLE,Where was the director of film Trick For Trick born?,"[""Bostonia"", ""The Hub of the Universe"", ""Boston, MA"", ""The Athens of America"", ""The Walking City"", ""The Hub"", ""Boston, Massachusetts"", ""The Cradle of Liberty"", ""Boston"", ""Boston, Mass."", ""The Cradle of Modern America"", ""Beantown""]",United States,Rottweil,0.5714285714285715,0.0,OK,OK
dev_9241,STABLE,What is the place of birth of the director of film Forgotten Light?,"[""Mladá Boleslav"", ""Mlada Boleslav""]",Mladá Boleslav,Mladá Boleslav,1.0,1.0,OK,OK
dev_10191,STABLE,Where did the director of film Alexander The Great (1956 Film) die?,"[""Tinseltown"", ""Hollywood, California"", ""Hollywood""]",Hollywood,Hollywood,1.0,1.0,OK,OK
dev_7119,STABLE,"Who was born later, Miko Mayama or Wangechi?","[""Wangechi""]",Wangechi,Wangechi,1.0,1.0,OK,OK
dev_4680,STABLE,"Who lived longer, Nina Škottová or Henry Strutt, 2Nd Baron Belper?","[""Henry Strutt, 2Nd Baron Belper"", ""Henry Strutt, 2nd Baron Belper""]","Henry Strutt, 2nd Baron Belper","Henry Strutt, 2nd Baron Belper",1.0,1.0,OK,OK
dev_9001,STABLE,"What is the date of birth of George Compton, 6Th Earl Of Northampton's father?","[""18 October 1664""]",18 October 1664,18 October 1664,1.0,1.0,OK,OK
dev_3921,STABLE,Where did the director of film This Can'T Happen Here die?,"[""Fårö""]",Sweden,Sweden,0.0,0.0,OK,OK
dev_11153,STABLE,What is the date of birth of Duke Georg Alexander Of Mecklenburg-Strelitz's mother?,"[""28 August 1827""]",28 August 1827,28 August 1827,1.0,1.0,OK,OK
dev_9618,STABLE,Who is the father of the director of film The Female: Seventy Times Seven?,"[""Leopoldo Torres Ríos"", ""Leopoldo Torres Rios""]",Leopoldo Torres Ríos,Leopoldo Torres Ríos,1.0,1.0,OK,OK
dev_8009,GAIN,"Which film has the director born later, Paasa Paravaigal or And The Heavens Above Us?","[""Paasa Paravaigal""]",And The Heavens Above Us,Paasa Paravaigal,0.0,1.0,OK,OK
dev_6203,STABLE,"Which film was released first, Ram Ram Gangaram or Operator 13?","[""Operator 13""]",Operator 13,Operator 13,1.0,1.0,OK,OK
dev_12309,STABLE,What is the place of birth of Ferenc Markó's father?,"[""Levoča""]",Kismarton,Kismarton,0.0,0.0,OK,OK
dev_2943,STABLE,Do both films Chatterbox (1936 Film) and Swept From The Sea have the directors that share the same nationality?,"[""no""]",no,no,1.0,1.0,OK,OK
dev_1707,STABLE,"Who was born earlier, Chow Kwong Wing or Shawn Bunch?","[""Shawn Bunch""]",Shawn Bunch,Shawn Bunch,1.0,1.0,OK,OK
dev_2984,STABLE,Where was the director of film The Unknown Cavalier born?,"[""OKC"", ""Oklahoma City, Oklahoma"", ""Oklahoma City""]",Oklahoma City,Oklahoma City,1.0,1.0,OK,OK
dev_2814,STABLE,"Who was born first, Ugonna Okegwo or Muhammad Hashim Kakar?","[""Ugonna Okegwo""]",Ugonna Okegwo,Ugonna Okegwo,1.0,1.0,OK,OK
dev_4298,LOSS,"When is Louis Spencer, Viscount Althorp's mother's birthday?","[""25 November 1965""]",25 November 1965,not stated in the provided text,1.0,0.0,OK,OK
dev_4288,STABLE,Who is Sirikitiya Jensen's maternal grandmother?,"[""Sirikit Kitiyakara"", ""Sirikit""]",Queen Sirikit,Queen Sirikit,1.0,1.0,OK,OK
dev_2945,STABLE,What nationality is Peter Tempesta's father?,"[""Sicily, Kingdom of"", ""Regno di Napoli"", ""Kingdom of Sicily"", ""Kingdom of Naples""]",Neapolitan,Neapolitan,0.0,0.0,OK,OK
dev_1566,LOSS,Do both films: The Wrath Of God and Cursed (2005 Film) have the directors from the same country?,"[""yes""]",yes,no,1.0,0.0,OK,OK
dev_5292,STABLE,"Who is older, Augusto Gama or Saleh Al-Dawod?","[""Saleh Al-Dawod""]",Saleh Al-Dawod,Saleh Al-Dawod,1.0,1.0,OK,OK
dev_11285,STABLE,"Which film has the director born later, The Night Of The Party or The Enchanted Valley?","[""Night of the Party"", ""The Night Of The Party"", ""The Night of the Party""]",The Night of the Party,The Night of the Party,1.0,1.0,OK,OK
dev_2020,STABLE,"Which film has the director who was born earlier, Augusto Anibal Quer Casar or Law Of The Tropics?","[""Augusto Anibal Quer Casar"", ""Augusto Anibal quer casar""]",Augusto Anibal Quer Casar,Augusto Anibal Quer Casar,1.0,1.0,OK,OK
dev_11141,STABLE,"Which film came out earlier, Chaplinesque, My Life And Hard Times or Evil Streets?","[""Chaplinesque, My Life And Hard Times"", ""Chaplinesque, My Life and Hard Times""]","Chaplinesque, My Life And Hard Times","Chaplinesque, My Life And Hard Times",1.0,1.0,OK,OK
dev_9348,STABLE,"Which film has the director who died later, The Whisperers or Concert Of Intrigue?","[""The Whisperers"", ""Whisperers""]",The Whisperers,The Whisperers,1.0,1.0,OK,OK
dev_9212,STABLE,"Which film has the director who is older, A Reno Divorce or Hills Of Kentucky?","[""Hills Of Kentucky"", ""Hills of Kentucky""]",Hills Of Kentucky,Hills Of Kentucky,1.0,1.0,OK,OK
dev_3606,STABLE,Where was the director of film Kon Khon born?,"[""Bang Khonthi"", ""Bang Khonthi District""]",Bang Khonthi,Bang Khonthi,1.0,1.0,OK,OK
dev_729,STABLE,Are Freestylers and The Nouvelles both from the same country?,"[""yes""]",yes,yes,1.0,1.0,OK,OK
dev_8181,STABLE,"Which film was released first, A Romance Of Seville or Pirates Of The Sky?","[""Pirates of the Sky"", ""Pirates Of The Sky""]",Pirates of the Sky,Pirates of the Sky,1.0,1.0,OK,OK
dev_379,STABLE,Who was born first out of Alexey Volkonsky and Wanderley Oliveira?,"[""Wanderley Oliveira""]",Wanderley Oliveira,Wanderley Oliveira,1.0,1.0,OK,OK
dev_12550,STABLE,Who is the maternal grandmother of Eleanor Of Brittany (Abbess)?,"[""Eleanor of Provence""]",Eleanor of Provence,Eleanor of Provence,1.0,1.0,OK,OK
dev_2959,STABLE,"Do both films: And Then There Were None (1945 Film) and Langue Sacrée, Langue Parlée have the directors from the same country?","[""yes""]",yes,yes,1.0,1.0,OK,OK
dev_8199,STABLE,Where was the director of film The Devil (1972 Film) born?,"[""Lvov"", ""Lemberik"", ""Lwow"", ""L'vov"", ""Lwów"", ""Leopol"", ""L'viv"", ""Lemberg"", ""Lviv""]",Lwów,Lwów,1.0,1.0,OK,OK
dev_5351,STABLE,"Who is Joseph I, Holy Roman Emperor's paternal grandfather?","[""Emperor of Germany Ferdinand III"", ""imperatore del Sacro romano impero Ferdinand III"", ""Kaiser Ferdinand III. Heiliges Römisches Reich"", ""King Ferdinand III of Hungary"", ""keizer van het Duitse Rijk Ferdinand III"", ""Holy Roman Emperor Ferdinand III"", ""Ferdinand III, Holy Roman Emperor"", ""King of Bohemia Ferdinand III"", ""Ferdinand III"", ""empereur germanique Ferdinand III"", ""King of Hungary Ferdinand III""]","Ferdinand III, Holy Roman Emperor","Ferdinand III, Holy Roman Emperor",1.0,1.0,OK,OK
dev_1629,STABLE,Where was the director of film Sixteen (1943 Film) born?,"[""Santiago del Estero""]",Santiago del Estero,Santiago del Estero,1.0,1.0,OK,OK
dev_8530,STABLE,Who is Coloman Of Galicia's paternal grandfather?,"[""Béla III of Hungary"", ""Béla III (114823 April 1196) was King of Hungary"", ""Bela III of Hungary""]",Béla III of Hungary,Béla III of Hungary,1.0,1.0,OK,OK
dev_7046,STABLE,Who is Princess Caroline Napoléon's maternal grandmother?,"[""Chantal de Chevron-Villette""]",Princess Béatrice of Bourbon-Two Sicilies,Marie Thérèse of France,0.0,0.0,OK,OK
dev_4060,STABLE,Where was the director of film Munchie born?,"[""the five boroughs"", ""City of New York"", ""New York"", ""NY City"", ""New York City"", ""NYC"", ""Big Apple"", ""New York, New York""]",Los Angeles,,0.0,0.0,OK,ERROR
dev_4020,STABLE,What is the place of birth of Kaarin Fairfax's husband?,"[""Greater Adelaide"", ""Adelaide""]",Australian,Australia,0.0,0.0,OK,OK
dev_8491,STABLE,"Which film came out first, Lucky 13 or Recollections Of The Yellow House?","[""Recollections Of The Yellow House"", ""Recollections of the Yellow House""]",Recollections Of The Yellow House,Recollections Of The Yellow House,1.0,1.0,OK,OK
dev_7221,STABLE,"Which film has the director died first, Gli Eroi Del Doppio Gioco or Studujeme Za Školou?","[""Studujeme za školou"", ""Studujeme Za Školou""]",Studujeme Za Školou,Studujeme Za Školou,1.0,1.0,OK,OK
dev_10870,STABLE,Was Paul Antoine Brunel or George Markham Giffard born first?,"[""George Markham Giffard""]",George Markham Giffard,George Markham Giffard,1.0,1.0,OK,OK
dev_4865,STABLE,"Which film has the director born later, No. 1 Of The Secret Service or Fog And Sun?","[""No. 1 Of The Secret Service"", ""No. 1 of the Secret Service""]",No. 1 Of The Secret Service,No. 1 Of The Secret Service,1.0,1.0,OK,OK
dev_9321,STABLE,Do both films The Fighting Sap and 24 Hour Psycho have the directors from the same country?,"[""no""]",no,no,1.0,1.0,OK,OK
dev_6901,GAIN,What is the place of birth of William Iron Arm's father?,"[""Coutances""]",Normandy,Coutances,0.0,1.0,OK,OK
dev_11738,STABLE,"Who was born first, Wycliffe Juma or Nicolas Borodine?","[""Wycliffe Juma""]",Wycliffe Juma,Wycliffe Juma,1.0,1.0,OK,OK
dev_7692,STABLE,"Which film came out earlier, Where Are You? I'M Here or Patnam Vachina Pativrathalu?","[""Patnam Vachina Pativrathalu""]",Patnam Vachina Pativrathalu,Patnam Vachina Pativrathalu,1.0,1.0,OK,OK
dev_5325,STABLE,What nationality is the composer of film Dhilluku Dhuddu 2?,"[""Singapore"", ""SG"", ""Lion City"", ""SGP"", ""sg"", ""Garden City"", ""🇸🇬"", ""Republic of Singapore"", ""Singapore City""]",Singaporean,Singaporean,1.0,1.0,OK,OK
dev_7403,STABLE,When is Susanne Porsche's husband's birthday?,"[""10 May 1943""]",Wolfgang Porsche,"July 1, 1929",0.0,0.0,OK,OK
dev_3668,STABLE,Who is Princess Irina Alexandrovna Of Russia's maternal grandmother?,"[""Maria Feodorovna (Dagmar of Denmark)"", ""Dagmar of Denmark"", ""Princess Dagmar of Denmark"", ""Maria Feodorovna"", ""Princess Dagmar of Schleswig-Holstein-Sonderburg-Glücksburg""]",Maria Feodorovna (Dagmar of Denmark),Maria Feodorovna (Dagmar of Denmark),1.0,1.0,OK,OK
dev_5416,STABLE,Does Igor Jijikine have the same nationality as Nicolas Claxton?,"[""yes""]",yes,yes,1.0,1.0,OK,OK
dev_7146,GAIN,What nationality is the director of film 700 Sundays (Film)?,"[""U.S.A."", ""American"", ""US of A"", ""US"", ""United States of America"", ""USA"", ""the United States of America"", ""United States"", ""the US"", ""🇺🇸"", ""the United States"", ""U.S."", ""America"", ""the USA""]",Canadian,American,0.0,1.0,OK,OK
dev_3133,STABLE,Where was the place of burial of Archduchess Eleanor Of Austria (1582–1620)'s mother?,"[""Graz""]",Maria Anna of Bavaria,Bavaria,0.0,0.0,OK,OK
dev_9993,STABLE,Where did the director of film The Alster Case die?,"[""City of Baltimore"", ""Baltimore, Maryland"", ""Charm City"", ""Baltimore City"", ""Baltimore""]",Baltimore,Baltimore,1.0,1.0,OK,OK
dev_1060,STABLE,"Who was born earlier, Humphrey Edwardes-Jones or Ángel De La Torre?","[""Ángel De La Torre"", ""Ángel de la Torre"", ""Angel de la Torre""]",Ángel De La Torre,Ángel De La Torre,1.0,1.0,OK,OK
dev_448,STABLE,Where was the place of death of Ginevra D'Este's husband?,"[""Rimini""]",not mentioned,Britain,0.0,0.0,OK,OK
dev_2765,STABLE,Are Morassa and Mamati located in the same country?,"[""no""]",no,no,1.0,1.0,OK,OK
dev_4237,GAIN,What is the award that the director of film Margaret Atwood: Once In August received?,"[""Fulbright Program"", ""Fulbright Scholarship"", ""Fulbright Fellowship""]",none,Fulbright scholarship,0.0,1.0,OK,OK
dev_5534,STABLE,Where was the director of film Please (Film) born?,"[""Göteborg"", ""Gothenburg""]",Gothenburg,Gothenburg,1.0,1.0,OK,OK
dev_520,STABLE,Where was the director of film Aylwin (Film) born?,"[""Weston-super-Mare, Somerset"", ""Weston-super-Mare"", ""Weston super Mare""]",Weston-super-Mare,Weston-super-Mare,1.0,1.0,OK,OK
dev_5853,STABLE,"Which film has the director who is older than the other, But Not In Vain or The Beast Of Babylon Against The Son Of Hercules?","[""But Not In Vain""]",But Not in Vain,But Not In Vain,1.0,1.0,OK,OK
dev_4021,GAIN,Who is the paternal grandfather of Shahrbanu?,"[""Shahriyar"", ""Shahriyar (son of Khosrow II)""]",Ali,Shahriyar,0.0,1.0,OK,OK
dev_3792,STABLE,Where was the director of film Gamers: The Movie born?,"[""Pasadena"", ""Pasadena, California""]",Pasadena,Pasadena,1.0,1.0,OK,OK
dev_10047,STABLE,Do director of film Ten9Eight: Shoot For The Moon and director of film Sabotage (1936 Film) share the same nationality?,"[""yes""]",No,no,0.0,0.0,OK,OK
dev_6785,STABLE,Do both directors of films Villa Amalia (Film) and Félicité (2017 Film) have the same nationality?,"[""yes""]",yes,yes,1.0,1.0,OK,OK
dev_5885,STABLE,"Which film was released first, Sons Of Ram or To Play Or To Die?","[""To Play or to Die"", ""To Play Or To Die"", ""To Play or To Die""]",To Play or to Die,To Play Or To Die,1.0,1.0,OK,OK
dev_910,STABLE,Are The Pursuit Of Happiness (1934 Film) and East Lynne (1931 Film) from the same country?,"[""yes""]",yes,yes,1.0,1.0,OK,OK
dev_10994,STABLE,"Which film whose director is younger, The Man Unconquerable or Woman Without A Past?","[""Woman Without A Past"", ""Woman Without a Past""]",Woman Without A Past,Woman Without A Past,1.0,1.0,OK,OK
dev_12160,STABLE,"Which film whose director is younger, Bloody Moon or The House Of Pulcini?","[""Die Säge des Todes"", ""The Bloody Moon Murders"", ""Bloody Moon""]",Bloody Moon,Bloody Moon,1.0,1.0,OK,OK
dev_9193,STABLE,"Which film has the director who was born later, Too Many Wives or The Secret Bride?","[""The Secret Bride"", ""Secret Bride""]",The Secret Bride,The Secret Bride,1.0,1.0,OK,OK
dev_8664,STABLE,"Which film was released earlier, The Battle Of Algiers or Carib Gold?","[""Carib Gold""]",Carib Gold,Carib Gold,1.0,1.0,OK,OK
dev_2828,STABLE,What nationality is the director of film Prince Or Clown?,"[""USSR"", ""Soviet Union"", ""Soviets"", ""Soviet"", ""The Soviets"", ""the Union of Soviet Socialist Republics"", ""U.S.S.R."", ""U.S.S.R"", ""SU"", ""CCCP"", ""the Soviet Union"", ""СССР"", ""Union of Soviet Socialist Republics""]",Russian,American,0.0,0.0,OK,OK
dev_12382,STABLE,"Which school was founded first, Colegio Israelita De México or Waldorf University?","[""Waldorf University""]",Waldorf University,Waldorf University,1.0,1.0,OK,OK
dev_5402,STABLE,"Are both Chak 26/11-L, Chichawatni and Chah-E Ali Kapari located in the same country?","[""no""]",no,no,1.0,1.0,OK,OK
dev_10404,STABLE,"Which film has the director died earlier, Modern Mothers or The Slaughter Rule?","[""Slaughter Rule"", ""The Slaughter Rule""]",The Slaughter Rule,The Slaughter Rule,1.0,1.0,OK,OK
dev_12150,STABLE,"Which film has the director died earlier, Hot Rod Rumble or Nagalit Ang Buwan Sa Haba Ng Gabi?","[""Nagalit ang Buwan sa Haba ng Gabi"", ""Nagalit Ang Buwan Sa Haba Ng Gabi""]",Nagalit Ang Buwan Sa Haba Ng Gabi,Nagalit Ang Buwan Sa Haba Ng Gabi,1.0,1.0,OK,OK
dev_5162,STABLE,"Which film was released first, The Prince Of Temple Street or Traveler On All Saints' Day?","[""Traveler On All Saints' Day"", ""Voyageur de la Toussaint"", ""Traveler on All Saints' Day"", ""Le Voyageur de la Toussaint""]",Traveler On All Saints' Day,Traveler On All Saints' Day,1.0,1.0,OK,OK
dev_7729,STABLE,What is the place of birth of the director of film The Criminal (1926 Film)?,"[""Poland"", ""POL"", ""Polska"", ""🇵🇱"", ""Polish"", ""PL"", ""Republic of Poland""]",Paris,France,0.0,0.0,OK,OK
dev_5002,STABLE,Do both directors of films Júdás and The Wilby Conspiracy share the same nationality?,"[""yes""]",no,no,0.0,0.0,OK,OK
dev_738,STABLE,Who is Countess Alexandra Von Zarnekau's paternal grandmother?,"[""Therese von Nassau-Weilburg"", ""Princess Therese of Nassau-Weilburg""]",Princess Therese of Nassau-Weilburg,Princess Therese of Nassau-Weilburg,1.0,1.0,OK,OK
dev_1109,STABLE,"Who is older, Kevin Hennessy or Emilia Bayer?","[""Emilia Bayer""]",Emilia Bayer,Emilia Bayer,1.0,1.0,OK,OK
dev_5547,STABLE,Where was the director of film Fragment Of An Empire born?,"[""Rēzekne""]",Rēzekne,Rēzekne,1.0,1.0,OK,OK
dev_10246,STABLE,Who is Philip Of Ibelin (1180–1227)'s maternal grandmother?,"[""Maria Taronitissa""]",Maria Taronitissa,Maria Taronitissa,1.0,1.0,OK,OK
dev_11641,STABLE,What is the place of birth of Consort Dugu's husband?,"[""Loyang"", ""Luoyang""]",China,China,0.0,0.0,OK,OK
dev_10872,STABLE,Which award the director of film Better Man (Miniseries) won?,"[""Young Australian of the Year""]",Young Australian of the Year,Young Australian of the Year,1.0,1.0,OK,OK
dev_5311,STABLE,"Who was born later, Stephen Sowerby or Just Mathias Thiele?","[""Stephen Sowerby""]",Stephen Sowerby,Stephen Sowerby,1.0,1.0,OK,OK
dev_4311,STABLE,What is the place of birth of the director of film Thomas The Impostor?,"[""Fougères""]",France,Paris,0.0,0.0,OK,OK
dev_2910,STABLE,"Which film was released first, The First 9½ Weeks or Christmas In Tattertown?","[""Christmas in Tattertown"", ""Christmas In Tattertown""]",Christmas In Tattertown,Christmas In Tattertown,1.0,1.0,OK,OK
dev_7217,STABLE,Who is the paternal grandfather of Acfred I Of Carcassonne?,"[""Bello of Carcassonne""]",Bello of Carcassonne,Bello of Carcassonne,1.0,1.0,OK,OK
dev_3343,LOSS,"Where was the place of death of Charles I, Margrave Of Baden-Baden's father?","[""Mühlburg""]",Mühlburg,Baden-Baden,1.0,0.0,OK,OK
dev_6782,STABLE,"Where was the place of burial of the director of film My Daughter, The Socialist?","[""First Cemetery of Athens""]",Athens,Athens,0.4,0.4,OK,OK
dev_3448,LOSS,What is the place of birth of the director of film Melati Van Agam (1931 Film)?,"[""Republic of Indonesia"", ""Indonesian"", ""id"", ""🇮🇩"", ""IDN"", ""ID"", ""Si Gomar"", ""Indonesia"", ""INA""]",Indonesia,,1.0,0.0,OK,OK
dev_5667,STABLE,"Which film has the director who died first, The Secret Of Mayerling or Brand Of The Devil?","[""Brand of the Devil"", ""Brand Of The Devil""]",Brand Of The Devil,Brand Of The Devil,1.0,1.0,OK,OK
dev_5776,STABLE,"Which album came out first, Zwischenspiel – Alles Für Den Herrn or Çà Et Là Du Japon?","[""Çà Et Là Du Japon"", ""Çà et là du Japon""]",Çà Et Là Du Japon,Çà Et Là Du Japon,1.0,1.0,OK,OK
dev_2261,STABLE,"Which film has the director who was born earlier, Knife In The Water or Born To Speed?","[""Born to Speed"", ""Born To Speed""]",Knife In The Water,Knife In The Water,0.0,0.0,OK,OK
dev_11888,STABLE,Who is the paternal grandmother of Prince Albert Of Schleswig-Holstein-Sonderburg-Glücksburg?,"[""Princess Louise Caroline of Hesse-Kassel"", ""Luise Karoline von Hessen-Kassel""]",Princess Louise Caroline of Hesse-Kassel,Princess Louise Caroline of Hesse-Kassel,1.0,1.0,OK,OK
dev_432,STABLE,Are the directors of both films Der Blindgänger and Hotel Desire from the same country?,"[""yes""]",no,no,0.0,0.0,OK,OK
dev_1240,STABLE,"When did Magnus, Prince Of Anhalt-Köthen's father die?","[""28 August 1473""]",1436,1436,0.0,0.0,OK,OK
dev_4479,LOSS,"Which film came out earlier, Princesas or Aaron Cohen'S Debt?","[""Aaron Cohen'S Debt"", ""Aaron Cohen's Debt""]",Aaron Cohen's Debt,neither,1.0,0.0,OK,OK
dev_2271,LOSS,What is the place of birth of Charles Eugène Gabriel De Sombreuil's father?,"[""Ensisheim""]",Ensisheim,Bonnac-la-Côte,1.0,0.0,OK,OK
dev_768,STABLE,"Are the movies Seeing Red (1992 Film) and Wind From The Icy Country, from the same country?","[""yes""]",yes,yes,1.0,1.0,OK,OK
dev_7331,STABLE,Who is the paternal grandfather of Władysław I Of Płock?,"[""Siemowit III, Duke of Masovia""]","Siemowit III, Duke of Masovia","Siemowit III, Duke of Masovia",1.0,1.0,OK,OK
dev_627,STABLE,"Do the movies Sweet Mama (Film) and Soy Andina, originate from the same country?","[""yes""]",yes,yes,1.0,1.0,OK,OK
dev_4478,STABLE,What is the place of birth of the director of film Julius Caesar (1970 Film)?,"[""Essex""]",England,London,0.0,0.0,OK,OK
