sample_id,method,order,runtime_status,prediction,gold_answers,answer_exact,answer_token_f1,supporting_f1,triple_event_f1,graph_triple_f1,verifier_precision,verifier_recall,verifier_f1,verifier_micro_precision,verifier_micro_recall,verifier_micro_f1,verifier_candidate_count,plan_valid,plan_relation_recall,early_latent_evidence_recall,callback_hit_rate,deferred_to_promoted,cross_window_deferred_to_promoted,cross_window_deferred_promoted_count,non_early_deferred_promoted_count,windows_processed,window_word_budget,streaming_protocol_valid,model_calls,input_tokens,output_tokens,verified_count,recalled_admitted_count,recall_admission_event_count,recall_candidates_scanned_count,recall_selected_count,memory_verify_call_count,memory_verify_support_count,memory_verify_contradict_count,memory_verify_insufficient_count,latency_ms,error_type,error
dev_10047,v5_predicted,original,ANSWERED,no,"[""yes""]",False,0.0,,,,,,,,,,,True,,,0.0,0.0,0.0,0,0,2,,True,10,23890,2083,,0,0,0,0,3,1,1,1,89068.13062517904,,
dev_10141,v5_predicted,original,ANSWERED,Dance Raja Dance,"[""Dance Raja Dance""]",True,1.0,,,,,,,,,,,True,,,0.0,0.0,0.0,0,0,2,,True,9,18257,673,,0,0,0,0,2,3,0,0,32465.553750051185,,
dev_10191,v5_predicted,original,ANSWERED,Hollywood,"[""Tinseltown"", ""Hollywood, California"", ""Hollywood""]",True,1.0,,,,,,,,,,,True,,,0.0,0.0,0.0,0,0,2,,True,10,21310,1601,,0,0,0,0,3,1,0,2,81370.4218340572,,
dev_10246,v5_predicted,original,ANSWERED,Maria Taronitissa,"[""Maria Taronitissa""]",True,1.0,,,,,,,,,,,True,,,1.0,0.25,0.0,0,1,2,,True,10,20057,1193,,1,1,4,1,2,2,0,0,35286.000167019665,,
dev_10404,v5_predicted,original,ANSWERED,The Slaughter Rule,"[""Slaughter Rule"", ""The Slaughter Rule""]",True,1.0,,,,,,,,,,,True,,,1.0,1.0,0.0,0,2,2,,True,12,22782,2539,,2,2,2,2,3,3,2,0,84826.19383302517,,
dev_10526,v5_predicted,original,ANSWERED,Germany,"[""Göllheim""]",False,0.0,,,,,,,,,,,True,,,1.0,0.0,0.0,0,0,2,,True,9,15648,3096,,0,0,1,0,1,1,0,0,85786.40441712923,,
dev_1060,v5_predicted,original,ANSWERED,Ángel De La Torre,"[""Ángel De La Torre"", ""Ángel de la Torre"", ""Angel de la Torre""]",True,1.0,,,,,,,,,,,True,,,1.0,0.25,0.25,1,0,2,,True,11,20739,757,,1,1,1,1,3,3,0,0,39541.12287494354,,
dev_10616,v5_predicted,original,ANSWERED,Hermann Georg of Limburg,"[""Hermann Georg of Limburg""]",True,1.0,,,,,,,,,,,True,,,1.0,1.0,0.0,0,1,2,,True,10,18411,504,,1,1,1,1,2,2,0,0,22018.958959029987,,
dev_10870,v5_predicted,original,ANSWERED,George Markham Giffard,"[""George Markham Giffard""]",True,1.0,,,,,,,,,,,True,,,1.0,1.0,1.0,1,0,2,,True,11,20045,775,,1,1,1,1,3,3,1,0,39808.61012497917,,
dev_10872,v5_predicted,original,ANSWERED,Young Australian of the Year,"[""Young Australian of the Year""]",True,1.0,,,,,,,,,,,True,,,1.0,1.0,0.0,0,1,2,,True,9,18590,736,,1,1,1,1,2,2,0,0,29366.95716716349,,
dev_10994,v5_predicted,original,ANSWERED,Woman Without A Past,"[""Woman Without A Past"", ""Woman Without a Past""]",True,1.0,,,,,,,,,,,True,,,1.0,0.6666666666666666,0.0,0,2,2,,True,11,22084,1026,,2,2,3,2,3,4,0,0,54399.1352498997,,
dev_1109,v5_predicted,original,ANSWERED,Emilia Bayer,"[""Emilia Bayer""]",True,1.0,,,,,,,,,,,True,,,1.0,1.0,0.0,0,1,1,,True,8,15343,567,,1,1,1,1,2,3,0,0,21241.809790953994,,
dev_11141,v5_predicted,original,ANSWERED,"Chaplinesque, My Life And Hard Times","[""Chaplinesque, My Life And Hard Times"", ""Chaplinesque, My Life and Hard Times""]",True,1.0,,,,,,,,,,,True,,,1.0,0.6,0.2,1,2,2,,True,14,29956,3709,,3,3,4,3,4,4,0,0,297931.85420916416,,
dev_11153,v5_predicted,original,ANSWERED,28 August 1827,"[""28 August 1827""]",True,1.0,,,,,,,,,,,True,,,1.0,1.0,0.0,0,1,2,,True,10,18420,538,,1,1,1,1,2,2,0,0,28897.01616601087,,
dev_11285,v5_predicted,original,ANSWERED,The Enchanted Valley,"[""Night of the Party"", ""The Night Of The Party"", ""The Night of the Party""]",False,0.28571428571428575,,,,,,,,,,,True,,,0.5,1.0,0.0,0,1,2,,True,12,22803,6623,,1,1,1,1,3,3,0,1,172483.2740831189,,
dev_11393,v5_predicted,original,ANSWERED,New York City,"[""the five boroughs"", ""City of New York"", ""New York"", ""NY City"", ""New York City"", ""NYC"", ""Big Apple"", ""New York, New York""]",True,1.0,,,,,,,,,,,True,,,0.0,0.0,0.0,0,0,2,,True,9,19002,444,,0,0,0,0,2,2,0,0,16544.388625072315,,
dev_11630,v5_predicted,original,ANSWERED,United States,"[""Bostonia"", ""The Hub of the Universe"", ""Boston, MA"", ""The Athens of America"", ""The Walking City"", ""The Hub"", ""Boston, Massachusetts"", ""The Cradle of Liberty"", ""Boston"", ""Boston, Mass."", ""The Cradle of Modern America"", ""Beantown""]",False,0.5714285714285715,,,,,,,,,,,True,,,1.0,1.0,0.0,0,1,2,,True,10,18259,1539,,1,1,1,1,2,2,0,0,74897.78125006706,,
dev_11641,v5_predicted,original,ANSWERED,China,"[""Loyang"", ""Luoyang""]",False,0.0,,,,,,,,,,,True,,,1.0,1.0,0.0,0,1,2,,True,11,24160,1316,,1,1,1,1,3,1,1,0,54948.65608308464,,
dev_11738,v5_predicted,original,ANSWERED,Wycliffe Juma,"[""Wycliffe Juma""]",True,1.0,,,,,,,,,,,True,,,1.0,1.0,0.0,0,1,2,,True,10,18555,555,,1,1,1,1,2,3,0,0,33349.83233292587,,
dev_11888,v5_predicted,original,ANSWERED,Princess Louise Caroline of Hesse-Kassel,"[""Princess Louise Caroline of Hesse-Kassel"", ""Luise Karoline von Hessen-Kassel""]",True,1.0,,,,,,,,,,,True,,,0.0,0.0,0.0,0,0,2,,True,9,19224,554,,0,0,0,0,2,2,0,0,25572.832999983802,,
dev_12150,v5_predicted,original,ANSWERED,Nagalit Ang Buwan Sa Haba Ng Gabi,"[""Nagalit ang Buwan sa Haba ng Gabi"", ""Nagalit Ang Buwan Sa Haba Ng Gabi""]",True,1.0,,,,,,,,,,,True,,,0.5,0.5,0.0,0,1,2,,True,10,21114,4488,,1,1,1,1,2,3,0,0,105716.55112504959,,
dev_12160,v5_predicted,original,ANSWERED,Bloody Moon,"[""Die Säge des Todes"", ""The Bloody Moon Murders"", ""Bloody Moon""]",True,1.0,,,,,,,,,,,True,,,1.0,1.0,0.0,0,1,1,,True,8,15427,753,,1,1,1,1,2,3,0,0,24000.98545802757,,
dev_12309,v5_predicted,original,ANSWERED,Kismarton,"[""Levoča""]",False,0.0,,,,,,,,,,,True,,,0.0,0.0,0.0,0,0,1,,True,6,11545,485,,0,0,0,0,1,1,0,0,19348.455291008577,,
dev_12382,v5_predicted,original,ANSWERED,Waldorf University,"[""Waldorf University""]",True,1.0,,,,,,,,,,,True,,,1.0,1.0,0.0,0,1,2,,True,10,21674,582,,1,1,1,1,2,3,0,0,35533.97049987689,,
dev_1240,v5_predicted,original,ANSWERED,1436,"[""28 August 1473""]",False,0.0,,,,,,,,,,,True,,,1.0,1.0,0.0,0,1,2,,True,11,19953,1172,,1,1,1,1,3,2,0,0,65013.63616599701,,
dev_12550,v5_predicted,original,ANSWERED,Eleanor of Provence,"[""Eleanor of Provence""]",True,1.0,,,,,,,,,,,True,,,1.0,1.0,0.0,0,1,2,,True,11,19145,566,,1,1,1,1,3,2,0,0,24451.56579092145,,
dev_1328,v5_predicted,original,ANSWERED,York,"[""Dublin"", ""Dublin city"", ""City of Dublin""]",False,0.0,,,,,,,,,,,True,,,1.0,1.0,0.0,0,2,2,,True,10,22379,3230,,2,2,2,2,2,1,1,0,226017.76004210114,,
dev_1456,v5_predicted,original,ANSWERED,"Baptist Noel, 4th Earl of Gainsborough","[""Baptist Noel, 3rd Earl of Gainsborough""]",False,0.8333333333333334,,,,,,,,,,,True,,,1.0,1.0,0.0,0,1,2,,True,11,20086,812,,1,1,1,1,3,1,2,0,31745.446584187448,,
dev_1566,v5_predicted,original,ANSWERED,yes,"[""yes""]",True,1.0,,,,,,,,,,,True,,,1.0,0.8,0.2,1,3,2,,True,17,34053,6816,,4,4,5,4,5,4,3,0,200836.160791805,,
dev_1629,v5_predicted,original,ANSWERED,Santiago del Estero,"[""Santiago del Estero""]",True,1.0,,,,,,,,,,,True,,,1.0,1.0,0.0,0,1,2,,True,10,16514,318,,1,1,1,1,2,2,0,0,17585.60883393511,,
dev_1707,v5_predicted,original,ANSWERED,Shawn Bunch,"[""Shawn Bunch""]",True,1.0,,,,,,,,,,,True,,,1.0,0.0,0.0,0,0,2,,True,11,18488,696,,0,0,1,0,3,3,0,0,36464.35391693376,,
dev_1850,v5_predicted,original,ANSWERED,Käthe von Nagy,"[""Kate David"", ""Ekaterina Nagy von Cziser"", ""Kitty Fattini"", ""Käthe von Nagy"", ""Kate de Nagy"", ""Kathe de Nagy"", ""Kató Nagy""]",True,1.0,,,,,,,,,,,True,,,1.0,1.0,0.0,0,1,2,,True,10,17280,418,,1,1,1,1,2,2,0,0,21868.160542100668,,
dev_2020,v5_predicted,original,ANSWERED,Augusto Anibal Quer Casar,"[""Augusto Anibal Quer Casar"", ""Augusto Anibal quer casar""]",True,1.0,,,,,,,,,,,True,,,1.0,1.0,0.0,0,3,1,,True,12,23112,1084,,3,3,3,3,3,5,0,0,51161.60608292557,,
dev_2065,v5_predicted,original,ERROR,,"[""1800""]",False,0.0,,,,,,,,,,,True,,,0.0,0.0,0.0,0,0,,,,11,19178,8560,,0,0,0,0,3,1,2,0,540866.4777500089,ProtocolError,boxed answer missing
dev_2261,v5_predicted,original,ANSWERED,Born To Speed,"[""Born to Speed"", ""Born To Speed""]",True,1.0,,,,,,,,,,,True,,,1.0,0.21428571428571427,0.0,0,3,2,,True,14,29330,7674,,3,3,3,3,4,3,0,1,221810.88291713968,,
dev_2271,v5_predicted,original,ANSWERED,Ensisheim,"[""Ensisheim""]",True,1.0,,,,,,,,,,,True,,,1.0,1.0,0.0,0,1,2,,True,10,16748,506,,1,1,1,1,2,2,0,0,26692.70012504421,,
dev_2765,v5_predicted,original,ANSWERED,no,"[""no""]",True,1.0,,,,,,,,,,,True,,,1.0,1.0,0.0,0,1,2,,True,9,17239,593,,1,1,1,1,2,3,0,0,29335.70562512614,,
dev_2814,v5_predicted,original,ANSWERED,Ugonna Okegwo,"[""Ugonna Okegwo""]",True,1.0,,,,,,,,,,,True,,,1.0,1.0,0.0,0,1,2,,True,10,18741,641,,1,1,1,1,2,3,0,0,40689.55804198049,,
dev_2828,v5_predicted,original,ANSWERED,Russian and Soviet,"[""USSR"", ""Soviet Union"", ""Soviets"", ""Soviet"", ""The Soviets"", ""the Union of Soviet Socialist Republics"", ""U.S.S.R."", ""U.S.S.R"", ""SU"", ""CCCP"", ""the Soviet Union"", ""СССР"", ""Union of Soviet Socialist Republics""]",False,0.6666666666666666,,,,,,,,,,,True,,,1.0,1.0,0.0,0,1,2,,True,11,20060,4651,,1,1,1,1,3,2,1,0,123991.86841701157,,
dev_2910,v5_predicted,original,ANSWERED,Christmas in Tattertown,"[""Christmas in Tattertown"", ""Christmas In Tattertown""]",True,1.0,,,,,,,,,,,True,,,1.0,1.0,0.0,0,1,1,,True,8,14920,638,,1,1,1,1,2,3,0,0,24188.464540988207,,
dev_2943,v5_predicted,original,ANSWERED,no,"[""no""]",True,1.0,,,,,,,,,,,True,,,1.0,0.6666666666666666,0.0,0,2,1,,True,8,14972,789,,2,2,2,2,1,2,0,0,40844.06558284536,,
dev_2945,v5_predicted,original,ANSWERED,Neapolitan,"[""Sicily, Kingdom of"", ""Regno di Napoli"", ""Kingdom of Sicily"", ""Kingdom of Naples""]",False,0.0,,,,,,,,,,,True,,,1.0,0.5,0.0,0,1,2,,True,11,18777,651,,1,1,2,1,3,2,1,0,40694.35541587882,,
dev_2955,v5_predicted,original,ANSWERED,Villupuram,"[""Hradec Kralove"", ""Hradec Králové""]",False,0.0,,,,,,,,,,,True,,,0.0,0.0,0.0,0,0,2,,True,10,31385,7598,,0,0,0,0,3,1,1,1,329016.7395831086,,
dev_2959,v5_predicted,original,ANSWERED,yes,"[""yes""]",True,1.0,,,,,,,,,,,True,,,1.0,1.0,0.0,0,3,2,,True,14,28193,1581,,3,3,3,3,3,5,0,0,74084.72408307716,,
dev_2984,v5_predicted,original,ANSWERED,Oklahoma City,"[""OKC"", ""Oklahoma City, Oklahoma"", ""Oklahoma City""]",True,1.0,,,,,,,,,,,True,,,1.0,1.0,0.0,0,1,2,,True,10,16102,488,,1,1,1,1,2,2,0,0,26380.23874978535,,
dev_3133,v5_predicted,original,ANSWERED,Maria Anna of Bavaria,"[""Graz""]",False,0.0,,,,,,,,,,,True,,,0.0,0.0,0.0,0,0,2,,True,9,17346,7413,,0,0,0,0,1,1,0,0,211390.31987497583,,
dev_3343,v5_predicted,original,ANSWERED,Baden-Baden,"[""Mühlburg""]",False,0.0,,,,,,,,,,,True,,,0.0,0.0,0.0,0,0,2,,True,10,20402,2165,,0,0,0,0,3,2,1,0,51508.25900002383,,
dev_3448,v5_predicted,original,ANSWERED,Dutch East Indies,"[""Republic of Indonesia"", ""Indonesian"", ""id"", ""🇮🇩"", ""IDN"", ""ID"", ""Si Gomar"", ""Indonesia"", ""INA""]",False,0.0,,,,,,,,,,,True,,,1.0,1.0,0.0,0,1,1,,True,7,12114,937,,1,1,1,1,1,1,0,0,41228.942499961704,,
dev_3606,v5_predicted,original,ANSWERED,Bang Khonthi,"[""Bang Khonthi"", ""Bang Khonthi District""]",True,1.0,,,,,,,,,,,True,,,0.0,0.0,0.0,0,0,2,,True,9,18964,478,,0,0,0,0,2,2,0,0,25343.328000046313,,
dev_3668,v5_predicted,original,ANSWERED,Maria Feodorovna (Dagmar of Denmark),"[""Maria Feodorovna (Dagmar of Denmark)"", ""Dagmar of Denmark"", ""Princess Dagmar of Denmark"", ""Maria Feodorovna"", ""Princess Dagmar of Schleswig-Holstein-Sonderburg-Glücksburg""]",True,1.0,,,,,,,,,,,True,,,1.0,1.0,0.0,0,1,2,,True,10,17963,1052,,1,1,1,1,2,2,0,0,30841.324416920543,,
dev_379,v5_predicted,original,ANSWERED,Wanderley Oliveira,"[""Wanderley Oliveira""]",True,1.0,,,,,,,,,,,True,,,0.0,0.0,0.0,0,0,2,,True,8,16274,608,,0,0,0,0,2,1,0,1,32615.610958077013,,
dev_3792,v5_predicted,original,ANSWERED,Pasadena,"[""Pasadena"", ""Pasadena, California""]",True,1.0,,,,,,,,,,,True,,,0.0,0.0,0.0,0,0,2,,True,9,18286,437,,0,0,0,0,2,2,0,0,24070.776290958747,,
dev_3890,v5_predicted,original,ANSWERED,execution by firing squad,"[""execution by firing squad"", ""Execution by firing squad"", ""firing squad""]",True,1.0,,,,,,,,,,,True,,,1.0,1.0,0.0,0,1,2,,True,10,21919,424,,1,1,1,1,2,2,0,0,21256.893999874592,,
dev_3921,v5_predicted,original,ANSWERED,Sweden,"[""Fårö""]",False,0.0,,,,,,,,,,,True,,,0.0,0.0,0.0,0,0,2,,True,9,17088,1750,,0,0,0,0,2,1,0,1,32228.108583018184,,
dev_4020,v5_predicted,original,ANSWERED,Australia,"[""Greater Adelaide"", ""Adelaide""]",False,0.0,,,,,,,,,,,True,,,0.0,0.0,0.0,0,0,2,,True,9,20777,847,,0,0,0,0,2,1,1,0,28650.66995797679,,
dev_4021,v5_predicted,original,ANSWERED,Khosrow II,"[""Shahriyar"", ""Shahriyar (son of Khosrow II)""]",False,0.5714285714285715,,,,,,,,,,,True,,,1.0,1.0,0.0,0,1,2,,True,11,20602,4359,,1,1,1,1,3,1,2,0,103723.98195811547,,
dev_4060,v5_predicted,original,ANSWERED,Jim Wynorski,"[""the five boroughs"", ""City of New York"", ""New York"", ""NY City"", ""New York City"", ""NYC"", ""Big Apple"", ""New York, New York""]",False,0.0,,,,,,,,,,,True,,,0.0,0.0,0.0,0,0,2,,True,7,13416,2604,,0,0,0,0,1,1,0,0,355702.84866704606,,
dev_4167,v5_predicted,original,ANSWERED,1914,"[""17 January 1881""]",False,0.0,,,,,,,,,,,True,,,0.0,0.0,0.0,0,0,2,,True,9,15489,1301,,0,0,0,0,2,2,0,0,171214.95704120025,,
dev_4237,v5_predicted,original,ANSWERED,Genie Award,"[""Fulbright Program"", ""Fulbright Scholarship"", ""Fulbright Fellowship""]",False,0.0,,,,,,,,,,,True,,,1.0,0.0,0.0,0,0,2,,True,8,15651,7885,,0,0,11,0,1,1,0,0,218529.00870912708,,
dev_4288,v5_predicted,original,ANSWERED,Queen Sirikit,"[""Sirikit Kitiyakara"", ""Sirikit""]",True,1.0,,,,,,,,,,,True,,,1.0,1.0,0.0,0,5,2,,True,10,20369,1616,,5,5,5,5,2,2,0,0,69278.86341605335,,
dev_4298,v5_predicted,original,ANSWERED,25 November 1965,"[""25 November 1965""]",True,1.0,,,,,,,,,,,True,,,0.0,0.0,0.0,0,0,2,,True,9,17540,540,,0,0,0,0,2,1,1,0,27657.459791051224,,
dev_4311,v5_predicted,original,ANSWERED,Paris,"[""Fougères""]",False,0.0,,,,,,,,,,,True,,,0.0,0.0,0.0,0,0,2,,True,10,17107,2625,,0,0,0,0,3,1,1,1,247357.7887499705,,
dev_432,v5_predicted,original,ANSWERED,yes,"[""yes""]",True,1.0,,,,,,,,,,,True,,,1.0,0.75,0.0,0,3,2,,True,17,30084,1193,,3,3,3,3,5,5,0,0,39472.14170801453,,
dev_4478,v5_predicted,original,ERROR,,"[""Essex""]",False,0.0,,,,,,,,,,,True,,,0.0,0.0,0.0,0,0,,,,9,17468,8441,,0,0,0,0,1,1,0,0,405451.76095794886,ProtocolError,boxed answer missing
dev_4479,v5_predicted,original,ANSWERED,Aaron Cohen's Debt,"[""Aaron Cohen'S Debt"", ""Aaron Cohen's Debt""]",True,1.0,,,,,,,,,,,True,,,1.0,1.0,1.0,1,0,2,,True,11,20602,1631,,1,1,1,1,3,3,0,0,61084.72325000912,,
dev_448,v5_predicted,original,ANSWERED,not mentioned,"[""Rimini""]",False,0.0,,,,,,,,,,,True,,,1.0,1.0,0.0,0,1,2,,True,11,28760,8493,,1,1,1,1,3,2,1,0,294308.50849999115,,
dev_4680,v5_predicted,original,ANSWERED,"Henry Strutt, 2nd Baron Belper","[""Henry Strutt, 2Nd Baron Belper"", ""Henry Strutt, 2nd Baron Belper""]",True,1.0,,,,,,,,,,,True,,,0.0,0.0,0.0,0,0,2,,True,9,22664,1409,,0,0,0,0,2,5,0,0,47258.14849999733,,
dev_4784,v5_predicted,original,ANSWERED,Russia,"[""Moscow, Russian Federation"", ""City of Moscow"", ""Moskva, Russia"", ""Moscow"", ""Moskva Federal City, Russia"", ""Moscow, USSR"", ""Moskva"", ""Moscow, Russia"", ""Moscow, Soviet Union"", ""Москва"", ""Moscow, Russian SFSR""]",False,0.6666666666666666,,,,,,,,,,,True,,,1.0,1.0,0.0,0,1,2,,True,11,19943,1135,,1,1,1,1,3,1,0,1,48742.67558287829,,
dev_4865,v5_predicted,original,ANSWERED,No. 1 Of The Secret Service,"[""No. 1 Of The Secret Service"", ""No. 1 of the Secret Service""]",True,1.0,,,,,,,,,,,True,,,1.0,1.0,0.0,0,2,2,,True,11,19258,2897,,2,2,2,2,2,2,0,2,183223.7952919677,,
dev_4961,v5_predicted,original,ANSWERED,Not in working memory,"[""London, England"", ""London"", ""London, United Kingdom"", ""London, UK""]",False,0.0,,,,,,,,,,,True,,,0.0,0.0,0.0,0,0,2,,True,8,16605,4298,,0,0,0,0,1,1,0,0,96755.14491694048,,
dev_5002,v5_predicted,original,ANSWERED,no,"[""yes""]",False,0.0,,,,,,,,,,,True,,,1.0,1.0,0.4,2,3,2,,True,17,32221,5318,,5,5,5,5,5,5,2,1,122874.37258311547,,
dev_5027,v5_predicted,original,ANSWERED,Alnwick,"[""Warkworth, Northumberland"", ""Warkworth""]",False,0.0,,,,,,,,,,,True,,,0.0,0.0,0.0,0,0,2,,True,9,16223,1589,,0,0,0,0,2,1,0,1,37027.131292037666,,
dev_5132,v5_predicted,original,ANSWERED,"George Louis, Prince of Nassau-Dillenburg","[""George Louis, Prince of Nassau-Dillenburg"", ""Georg Ludwig Graf von Nassau-Dillenburg""]",True,1.0,,,,,,,,,,,True,,,1.0,1.0,0.0,0,1,2,,True,11,21743,577,,1,1,1,1,3,2,0,0,26689.48445888236,,
dev_5162,v5_predicted,original,ANSWERED,Traveler On All Saints' Day,"[""Traveler On All Saints' Day"", ""Voyageur de la Toussaint"", ""Traveler on All Saints' Day"", ""Le Voyageur de la Toussaint""]",True,1.0,,,,,,,,,,,True,,,0.0,0.0,0.0,0,0,1,,True,5,10617,496,,0,0,0,0,1,2,0,0,17707.81729090959,,
dev_520,v5_predicted,original,ANSWERED,Weston-super-Mare,"[""Weston-super-Mare, Somerset"", ""Weston-super-Mare"", ""Weston super Mare""]",True,1.0,,,,,,,,,,,True,,,1.0,1.0,0.0,0,1,2,,True,10,16174,359,,1,1,1,1,2,2,0,0,19584.342708112672,,
dev_5292,v5_predicted,original,ANSWERED,Saleh Al-Dawod,"[""Saleh Al-Dawod""]",True,1.0,,,,,,,,,,,True,,,1.0,1.0,0.0,0,1,2,,True,10,19503,675,,1,1,1,1,2,3,0,0,31722.904291935265,,
dev_5311,v5_predicted,original,ANSWERED,Stephen Sowerby,"[""Stephen Sowerby""]",True,1.0,,,,,,,,,,,True,,,1.0,1.0,0.0,0,1,2,,True,11,20683,2567,,1,1,1,1,3,4,0,0,106724.54258287326,,
dev_5325,v5_predicted,original,ANSWERED,Singaporean,"[""Singapore"", ""SG"", ""Lion City"", ""SGP"", ""sg"", ""Garden City"", ""🇸🇬"", ""Republic of Singapore"", ""Singapore City""]",True,1.0,,,,,,,,,,,True,,,1.0,1.0,0.0,0,1,1,,True,8,14845,469,,1,1,1,1,2,2,0,0,21541.15366609767,,
dev_5343,v5_predicted,original,ANSWERED,Elizabeth Woodville,"[""Elizabeth Woodville"", ""Elizabeth Wydville"", ""Elizabeth Widvile"", ""Elizabeth Wydeville""]",True,1.0,,,,,,,,,,,True,,,1.0,1.0,0.0,0,1,1,,True,8,13602,490,,1,1,1,1,2,2,0,0,20737.486916827038,,
dev_5351,v5_predicted,original,ANSWERED,"Ferdinand III, Holy Roman Emperor","[""Emperor of Germany Ferdinand III"", ""imperatore del Sacro romano impero Ferdinand III"", ""Kaiser Ferdinand III. Heiliges Römisches Reich"", ""King Ferdinand III of Hungary"", ""keizer van het Duitse Rijk Ferdinand III"", ""Holy Roman Emperor Ferdinand III"", ""Ferdinand III, Holy Roman Emperor"", ""King of Bohemia Ferdinand III"", ""Ferdinand III"", ""empereur germanique Ferdinand III"", ""King of Hungary Ferdinand III""]",True,1.0,,,,,,,,,,,True,,,1.0,1.0,0.0,0,1,2,,True,11,19109,611,,1,1,1,1,3,3,0,0,24437.796958023682,,
dev_5402,v5_predicted,original,ANSWERED,no,"[""no""]",True,1.0,,,,,,,,,,,True,,,1.0,1.0,0.0,0,1,2,,True,11,27577,1595,,1,1,1,1,3,4,0,0,52843.47866708413,,
dev_5416,v5_predicted,original,ANSWERED,yes,"[""yes""]",True,1.0,,,,,,,,,,,True,,,0.0,0.0,0.0,0,0,2,,True,10,18062,593,,0,0,0,0,3,3,0,0,36649.82308400795,,
dev_5534,v5_predicted,original,ANSWERED,Gothenburg,"[""Göteborg"", ""Gothenburg""]",True,1.0,,,,,,,,,,,True,,,1.0,1.0,0.0,0,1,2,,True,10,16709,906,,1,1,1,1,2,2,0,0,39071.66574988514,,
dev_5547,v5_predicted,original,ANSWERED,Rēzekne,"[""Rēzekne""]",True,1.0,,,,,,,,,,,True,,,0.0,0.0,0.0,0,0,2,,True,9,16858,344,,0,0,0,0,2,2,0,0,15852.456541964784,,
dev_5667,v5_predicted,original,ANSWERED,Brand Of The Devil,"[""Brand of the Devil"", ""Brand Of The Devil""]",True,1.0,,,,,,,,,,,True,,,1.0,1.0,0.0,0,3,2,,True,15,30991,1200,,3,3,3,3,4,6,0,0,53907.39787509665,,
dev_5776,v5_predicted,original,ANSWERED,Çà Et Là Du Japon,"[""Çà Et Là Du Japon"", ""Çà et là du Japon""]",True,1.0,,,,,,,,,,,True,,,1.0,0.25,0.0,0,1,2,,True,9,19261,841,,1,1,2,1,2,3,0,0,30929.992499994114,,
dev_5853,v5_predicted,original,ANSWERED,But Not In Vain,"[""But Not In Vain""]",True,1.0,,,,,,,,,,,True,,,1.0,0.6666666666666666,0.0,0,2,2,,True,14,32541,6444,,2,2,2,2,4,3,2,1,284537.54241601564,,
dev_5885,v5_predicted,original,ANSWERED,To Play Or To Die,"[""To Play or to Die"", ""To Play Or To Die"", ""To Play or To Die""]",True,1.0,,,,,,,,,,,True,,,0.0,0.0,0.0,0,0,2,,True,8,15365,845,,0,0,0,0,2,1,0,1,34072.277000173926,,
dev_6188,v5_predicted,original,ANSWERED,Garrett Williamson,"[""Garrett Williamson"", ""Garett Williamson""]",True,1.0,,,,,,,,,,,True,,,0.0,0.0,0.0,0,0,2,,True,10,19364,536,,0,0,0,0,3,3,0,0,20873.830916825682,,
dev_6203,v5_predicted,original,ANSWERED,Operator 13,"[""Operator 13""]",True,1.0,,,,,,,,,,,True,,,1.0,1.0,0.0,0,1,2,,True,10,19221,587,,1,1,1,1,2,3,0,0,31625.984084093943,,
dev_627,v5_predicted,original,ANSWERED,yes,"[""yes""]",True,1.0,,,,,,,,,,,True,,,1.0,1.0,0.0,0,1,1,,True,8,14160,748,,1,1,1,1,2,3,0,0,32694.797624833882,,
dev_6782,v5_predicted,original,ANSWERED,Huang Jianxin,"[""First Cemetery of Athens""]",False,0.0,,,,,,,,,,,True,,,0.0,0.0,0.0,0,0,2,,True,9,17230,12338,,0,0,0,0,2,0,0,1,444228.6624999251,,
dev_6785,v5_predicted,original,ANSWERED,yes,"[""yes""]",True,1.0,,,,,,,,,,,True,,,1.0,1.0,0.0,0,3,2,,True,14,29382,1611,,3,3,3,3,3,5,0,0,64049.15041686036,,
dev_6901,v5_predicted,original,ANSWERED,Normandy,"[""Coutances""]",False,0.0,,,,,,,,,,,True,,,0.0,0.0,0.0,0,0,2,,True,9,19387,2895,,0,0,0,0,2,1,0,1,102566.2763749715,,
dev_7046,v5_predicted,original,ERROR,,"[""Chantal de Chevron-Villette""]",False,0.0,,,,,,,,,,,True,,,1.0,1.0,0.0,0,1,,,,10,18699,8520,,0,1,1,1,2,1,1,0,239225.6795000285,ProtocolError,boxed answer missing
dev_7119,v5_predicted,original,ANSWERED,Wangechi,"[""Wangechi""]",True,1.0,,,,,,,,,,,True,,,1.0,1.0,0.0,0,1,2,,True,10,19346,566,,1,1,1,1,2,3,0,0,21145.006083883345,,
dev_7146,v5_predicted,original,ANSWERED,American,"[""U.S.A."", ""American"", ""US of A"", ""US"", ""United States of America"", ""USA"", ""the United States of America"", ""United States"", ""the US"", ""🇺🇸"", ""the United States"", ""U.S."", ""America"", ""the USA""]",True,1.0,,,,,,,,,,,True,,,0.0,0.0,0.0,0,0,2,,True,10,17542,2916,,0,0,0,0,3,1,2,0,138046.04012495838,,
dev_7217,v5_predicted,original,ANSWERED,Bello of Carcassonne,"[""Bello of Carcassonne""]",True,1.0,,,,,,,,,,,True,,,1.0,0.6666666666666666,0.16666666666666666,1,3,2,,True,11,22497,1008,,4,4,6,4,3,2,1,0,33620.203624945134,,
dev_7221,v5_predicted,original,ANSWERED,Studujeme Za Školou,"[""Studujeme za školou"", ""Studujeme Za Školou""]",True,1.0,,,,,,,,,,,True,,,1.0,1.0,0.0,0,3,2,,True,14,28163,1194,,3,3,3,3,3,5,0,0,54333.863417152315,,
dev_729,v5_predicted,original,ANSWERED,yes,"[""yes""]",True,1.0,,,,,,,,,,,True,,,1.0,0.5,0.0,0,1,2,,True,11,21666,868,,1,1,2,1,3,3,1,0,41538.65108313039,,
dev_7331,v5_predicted,original,ANSWERED,"Siemowit III, Duke of Masovia","[""Siemowit III, Duke of Masovia""]",True,1.0,,,,,,,,,,,True,,,1.0,1.0,0.0,0,1,2,,True,10,20919,780,,1,1,1,1,2,2,0,0,35418.860625009984,,
dev_7368,v5_predicted,original,ANSWERED,James Conmee,"[""James Conmee""]",True,1.0,,,,,,,,,,,True,,,1.0,1.0,0.0,0,1,2,,True,10,19818,637,,1,1,1,1,2,3,0,0,32972.867750097066,,
dev_738,v5_predicted,original,ANSWERED,Princess Therese of Nassau-Weilburg,"[""Therese von Nassau-Weilburg"", ""Princess Therese of Nassau-Weilburg""]",True,1.0,,,,,,,,,,,True,,,1.0,1.0,0.0,0,1,2,,True,10,17606,782,,1,1,1,1,2,1,1,0,19433.342665899545,,
dev_7403,v5_predicted,original,ANSWERED,10 May 1943,"[""10 May 1943""]",True,1.0,,,,,,,,,,,True,,,1.0,1.0,0.0,0,1,2,,True,10,17364,440,,1,1,1,1,2,2,0,0,28065.111957956105,,
dev_768,v5_predicted,original,ANSWERED,yes,"[""yes""]",True,1.0,,,,,,,,,,,True,,,0.0,0.0,0.0,0,0,2,,True,10,19062,669,,0,0,0,0,3,3,0,0,29616.45729211159,,
dev_7692,v5_predicted,original,ANSWERED,Patnam Vachina Pativrathalu,"[""Patnam Vachina Pativrathalu""]",True,1.0,,,,,,,,,,,True,,,1.0,1.0,0.0,0,1,2,,True,10,21834,1019,,1,1,1,1,2,3,0,0,48435.69216597825,,
dev_7729,v5_predicted,original,ANSWERED,France,"[""Poland"", ""POL"", ""Polska"", ""🇵🇱"", ""Polish"", ""PL"", ""Republic of Poland""]",False,0.0,,,,,,,,,,,True,,,0.0,0.0,0.0,0,0,1,,True,8,13772,4585,,0,0,0,0,2,1,0,1,109559.66449994594,,
dev_7920,v5_predicted,original,ANSWERED,26 May 1968,"[""26 May 1968""]",True,1.0,,,,,,,,,,,True,,,1.0,1.0,0.0,0,1,2,,True,10,17439,477,,1,1,1,1,2,2,0,0,25975.281459046528,,
dev_8009,v5_predicted,original,ANSWERED,Paasa Paravaigal,"[""Paasa Paravaigal""]",True,1.0,,,,,,,,,,,True,,,1.0,0.75,0.5,2,1,2,,True,13,26675,2438,,3,3,3,3,3,2,1,1,124596.87920799479,,
dev_8181,v5_predicted,original,ANSWERED,Pirates of the Sky,"[""Pirates of the Sky"", ""Pirates Of The Sky""]",True,1.0,,,,,,,,,,,True,,,1.0,1.0,0.0,0,1,1,,True,8,15296,759,,1,1,1,1,2,3,0,0,37019.793999847025,,
dev_8199,v5_predicted,original,ANSWERED,Lwów,"[""Lvov"", ""Lemberik"", ""Lwow"", ""L'vov"", ""Lwów"", ""Leopol"", ""L'viv"", ""Lemberg"", ""Lviv""]",True,1.0,,,,,,,,,,,True,,,1.0,1.0,0.0,0,1,2,,True,10,17936,483,,1,1,1,1,2,2,0,0,25320.95933286473,,
dev_8491,v5_predicted,original,ANSWERED,Recollections Of The Yellow House,"[""Recollections Of The Yellow House"", ""Recollections of the Yellow House""]",True,1.0,,,,,,,,,,,True,,,1.0,1.0,0.0,0,1,2,,True,10,19015,912,,1,1,1,1,2,3,0,0,37080.5764591787,,
dev_8530,v5_predicted,original,ANSWERED,Béla III of Hungary,"[""Béla III of Hungary"", ""Béla III (114823 April 1196) was King of Hungary"", ""Bela III of Hungary""]",True,1.0,,,,,,,,,,,True,,,1.0,1.0,0.0,0,1,2,,True,10,21914,660,,1,1,1,1,2,2,0,0,33356.7272501532,,
dev_8664,v5_predicted,original,ANSWERED,Carib Gold,"[""Carib Gold""]",True,1.0,,,,,,,,,,,True,,,1.0,1.0,0.5,1,1,2,,True,11,25666,1130,,2,2,2,2,3,3,0,2,39905.32404091209,,
dev_8904,v5_predicted,original,ANSWERED,Newport,"[""Newport"", ""Newport, Rhode Island""]",True,1.0,,,,,,,,,,,True,,,0.0,0.0,0.0,0,0,2,,True,9,16604,397,,0,0,0,0,2,2,0,0,13971.36737499386,,
dev_9001,v5_predicted,original,ANSWERED,18 October 1664,"[""18 October 1664""]",True,1.0,,,,,,,,,,,True,,,0.0,0.0,0.0,0,0,2,,True,9,19861,515,,0,0,0,0,2,2,0,0,26068.64087493159,,
dev_91,v5_predicted,original,ANSWERED,International Institute for Democracy and Electoral Assistance,"[""United Nations Organization"", ""UN"", ""United Nations"", ""🇺🇳"", ""UNO""]",False,0.0,,,,,,,,,,,True,,,1.0,1.0,0.0,0,1,2,,True,9,18695,1438,,1,1,1,1,2,2,0,0,171098.32104085945,,
dev_910,v5_predicted,original,ANSWERED,yes,"[""yes""]",True,1.0,,,,,,,,,,,True,,,1.0,1.0,0.0,0,1,2,,True,10,20812,1106,,1,1,1,1,2,3,0,0,51664.968291064724,,
dev_9193,v5_predicted,original,ANSWERED,The Secret Bride,"[""The Secret Bride"", ""Secret Bride""]",True,1.0,,,,,,,,,,,True,,,0.0,0.0,0.0,0,0,2,,True,9,19626,3739,,0,0,0,0,2,2,1,1,270025.1899580471,,
dev_9212,v5_predicted,original,ANSWERED,Hills Of Kentucky,"[""Hills Of Kentucky"", ""Hills of Kentucky""]",True,1.0,,,,,,,,,,,True,,,0.5,1.0,0.0,0,1,1,,True,8,15672,3260,,1,1,1,1,2,3,1,0,78359.52670802362,,
dev_9241,v5_predicted,original,ANSWERED,Mladá Boleslav,"[""Mladá Boleslav"", ""Mlada Boleslav""]",True,1.0,,,,,,,,,,,True,,,0.0,0.0,0.0,0,0,2,,True,9,16738,424,,0,0,0,0,2,2,0,0,18551.740834023803,,
dev_9321,v5_predicted,original,ANSWERED,no,"[""no""]",True,1.0,,,,,,,,,,,True,,,0.0,0.0,0.0,0,0,2,,True,10,20287,1598,,0,0,0,0,3,2,1,0,180005.8967920486,,
dev_9348,v5_predicted,original,ANSWERED,The Whisperers,"[""The Whisperers"", ""Whisperers""]",True,1.0,,,,,,,,,,,True,,,0.5,0.5,0.0,0,1,2,,True,13,26379,2636,,1,1,1,1,4,3,2,1,478419.36962492764,,
dev_954,v5_predicted,original,ANSWERED,yes,"[""yes""]",True,1.0,,,,,,,,,,,True,,,1.0,1.0,0.0,0,1,2,,True,10,18091,587,,1,1,1,1,2,3,0,0,26335.9767079819,,
dev_9618,v5_predicted,original,ANSWERED,Leopoldo Torres Ríos,"[""Leopoldo Torres Ríos"", ""Leopoldo Torres Rios""]",True,1.0,,,,,,,,,,,True,,,0.0,0.0,0.0,0,0,2,,True,9,17907,439,,0,0,0,0,2,2,0,0,25166.914999950677,,
dev_9742,v5_predicted,original,ANSWERED,Otec Neznámý Aneb Cesta Do Hlubin Duše Výstrojního Náčelníka,"[""Otec neznámý aneb cesta do hlubin duše výstrojního náčelníka"", ""Otec Neznámý Aneb Cesta Do Hlubin Duše Výstrojního Náčelníka""]",True,1.0,,,,,,,,,,,True,,,0.3333333333333333,1.0,0.0,0,1,2,,True,13,27971,1350,,1,1,1,1,4,5,1,0,42151.81508404203,,
dev_9926,v5_predicted,original,ANSWERED,I Bury The Living,"[""I Bury The Living"", ""I Bury the Living""]",True,1.0,,,,,,,,,,,True,,,1.0,1.0,0.0,0,1,1,,True,8,14742,549,,1,1,1,1,2,3,0,0,25885.28895797208,,
dev_9993,v5_predicted,original,ANSWERED,Baltimore,"[""City of Baltimore"", ""Baltimore, Maryland"", ""Charm City"", ""Baltimore City"", ""Baltimore""]",True,1.0,,,,,,,,,,,True,,,1.0,1.0,0.0,0,1,1,,True,8,13321,344,,1,1,1,1,2,2,0,0,18967.709792079404,,
