sample_id,question_type,flip,question,parent_prediction,candidate_prediction,parent_exact,candidate_exact
dev_5343,inference,STABLE,"Who is Anne De Mowbray, 8Th Countess Of Norfolk's mother-in-law?",Elizabeth Woodville,Elizabeth Woodville,True,True
dev_4784,compositional,STABLE,Where was the director of film Taras Bulba (1924 Film) born?,Russia,Russia,False,False
dev_11393,compositional,STABLE,Where was the performer of song Stargirl Interlude born?,Canada,Canada,False,False
dev_954,comparison,STABLE,Are Ding Yaping and Johann Christian Gustav Lucae of the same nationality?,yes,yes,True,True
dev_91,compositional,STABLE,Where does Karin Stoltenberg's husband work at?,Ministry of Foreign Affairs,Ministry of Foreign Affairs,False,False
dev_10616,inference,LOSS,Who is Georg Ernst Of Limburg Stirum's paternal grandfather?,Hermann Georg of Limburg,"Hermann Georg of Limburg, count of Limburg and Bronckhorst",True,False
dev_4961,compositional,STABLE,Where did the director of film Yamata die?,Britain,Hungary,False,False
dev_7920,compositional,STABLE,"When was Mary, Crown Princess Of Denmark's husband born?",26 May 1968,26 May 1968,True,True
dev_1328,compositional,STABLE,Where did Ragnall Guthfrithson's father die?,Dublin,Dublin,True,True
dev_2065,compositional,STABLE,"What is the date of birth of Sir John Talbot Power, 3Rd Baronet's father?",not mentioned,James Power,False,False
dev_10526,compositional,STABLE,Where was the place of death of Imagina Of Isenburg-Limburg's husband?,Germany,Gelnhausen,False,False
dev_7368,comparison,STABLE,"Who is older, Alan Dugdale or James Conmee?",James Conmee,James Conmee,True,True
dev_8904,compositional,STABLE,Where was the place of death of Ann Smith Franklin's husband?,Newport,Newport,True,True
dev_10141,comparison,STABLE,"Which film was released first, The Killing Room or Dance Raja Dance?",Dance Raja Dance,Dance Raja Dance,True,True
dev_9926,comparison,STABLE,"Which film came out first, La Casa Stregata or I Bury The Living?",I Bury The Living,I Bury The Living,True,True
dev_1850,compositional,STABLE,Who is the spouse of the director of film Den Of Iniquity?,Käthe von Nagy,Käthe von Nagy,True,True
dev_3890,compositional,GAIN,Why did Zoia Ceaușescu's father die?,he was executed after being tried and convicted of economic sabotage and genocide,execution by firing squad,False,True
dev_5132,inference,STABLE,"Who is William Ii, Prince Of Nassau-Dillenburg's paternal grandfather?","George Louis, Prince of Nassau-Dillenburg","George Louis, Prince of Nassau-Dillenburg",True,True
dev_1456,inference,STABLE,"Who is Henry Noel, 6Th Earl Of Gainsborough's paternal grandfather?","Baptist Noel, 3rd Earl of Gainsborough","Baptist Noel, 3rd Earl of Gainsborough",True,True
dev_4167,compositional,STABLE,When is Jassim Bin Muhammed Bin Jassim Al Thani's father's birthday?,1880,1856,False,False
dev_5027,compositional,STABLE,"Where was the place of death of Henry Percy, 3Rd Baron Percy's father?",Alnwick,Alnwick,False,False
dev_6188,comparison,STABLE,Was Kristine Bjørdal Leine or Garrett Williamson born first?,Garrett Williamson,Garrett Williamson,True,True
dev_2955,compositional,STABLE,What is the place of birth of the director of film Days Of Betrayal?,Hradec Králové,Hradec Králové,True,True
dev_9742,bridge_comparison,GAIN,"Which film has the director who was born later, Atheetham or Otec Neznámý Aneb Cesta Do Hlubin Duše Výstrojního Náčelníka?",Atheetham,Otec Neznámý Aneb Cesta Do Hlubin Duše Výstrojního Náčelníka,False,True
dev_11630,compositional,STABLE,Where was the director of film Trick For Trick born?,United States,United States,False,False
dev_9241,compositional,STABLE,What is the place of birth of the director of film Forgotten Light?,Mladá Boleslav,Mladá Boleslav,True,True
dev_10191,compositional,STABLE,Where did the director of film Alexander The Great (1956 Film) die?,Hollywood,Hollywood,True,True
dev_7119,comparison,STABLE,"Who was born later, Miko Mayama or Wangechi?",Wangechi,Wangechi,True,True
dev_4680,comparison,STABLE,"Who lived longer, Nina Škottová or Henry Strutt, 2Nd Baron Belper?","Henry Strutt, 2nd Baron Belper","Henry Strutt, 2nd Baron Belper",True,True
dev_9001,compositional,STABLE,"What is the date of birth of George Compton, 6Th Earl Of Northampton's father?",18 October 1664,18 October 1664,True,True
dev_3921,compositional,STABLE,Where did the director of film This Can'T Happen Here die?,Sweden,Sweden,False,False
dev_11153,compositional,STABLE,What is the date of birth of Duke Georg Alexander Of Mecklenburg-Strelitz's mother?,28 August 1827,28 August 1827,True,True
dev_9618,compositional,STABLE,Who is the father of the director of film The Female: Seventy Times Seven?,Leopoldo Torres Ríos,Leopoldo Torres Ríos,True,True
dev_8009,bridge_comparison,STABLE,"Which film has the director born later, Paasa Paravaigal or And The Heavens Above Us?",Paasa Paravaigal,Paasa Paravaigal,True,True
dev_6203,comparison,STABLE,"Which film was released first, Ram Ram Gangaram or Operator 13?",Operator 13,Operator 13,True,True
dev_12309,compositional,STABLE,What is the place of birth of Ferenc Markó's father?,Levoča,Levoča,True,True
dev_2943,bridge_comparison,STABLE,Do both films Chatterbox (1936 Film) and Swept From The Sea have the directors that share the same nationality?,no,no,True,True
dev_1707,comparison,STABLE,"Who was born earlier, Chow Kwong Wing or Shawn Bunch?",Shawn Bunch,Shawn Bunch,True,True
dev_2984,compositional,STABLE,Where was the director of film The Unknown Cavalier born?,Oklahoma City,"Oklahoma City, Oklahoma",True,True
dev_2814,comparison,STABLE,"Who was born first, Ugonna Okegwo or Muhammad Hashim Kakar?",Ugonna Okegwo,Ugonna Okegwo,True,True
dev_4298,compositional,STABLE,"When is Louis Spencer, Viscount Althorp's mother's birthday?",answer,Date not in working memory,False,False
dev_4288,inference,STABLE,Who is Sirikitiya Jensen's maternal grandmother?,Queen Sirikit,Sirikit,True,True
dev_2945,compositional,STABLE,What nationality is Peter Tempesta's father?,Neapolitan,Neapolitan,False,False
dev_1566,bridge_comparison,STABLE,Do both films: The Wrath Of God and Cursed (2005 Film) have the directors from the same country?,yes,yes,True,True
dev_5292,comparison,STABLE,"Who is older, Augusto Gama or Saleh Al-Dawod?",Saleh Al-Dawod,Saleh Al-Dawod,True,True
dev_11285,bridge_comparison,STABLE,"Which film has the director born later, The Night Of The Party or The Enchanted Valley?",The Night of the Party,The Night Of The Party,True,True
dev_2020,bridge_comparison,GAIN,"Which film has the director who was born earlier, Augusto Anibal Quer Casar or Law Of The Tropics?",unknown,Augusto Anibal Quer Casar,False,True
dev_11141,comparison,STABLE,"Which film came out earlier, Chaplinesque, My Life And Hard Times or Evil Streets?","Chaplinesque, My Life And Hard Times","Chaplinesque, My Life And Hard Times",True,True
dev_9348,bridge_comparison,STABLE,"Which film has the director who died later, The Whisperers or Concert Of Intrigue?",The Whisperers,The Whisperers,True,True
dev_9212,bridge_comparison,STABLE,"Which film has the director who is older, A Reno Divorce or Hills Of Kentucky?",Hills Of Kentucky,Hills Of Kentucky,True,True
dev_3606,compositional,STABLE,Where was the director of film Kon Khon born?,Bang Khonthi District,Bang Khonthi District,True,True
dev_729,comparison,STABLE,Are Freestylers and The Nouvelles both from the same country?,yes,yes,True,True
dev_8181,comparison,STABLE,"Which film was released first, A Romance Of Seville or Pirates Of The Sky?",Pirates of the Sky,Pirates Of The Sky,True,True
dev_379,comparison,STABLE,Who was born first out of Alexey Volkonsky and Wanderley Oliveira?,Wanderley Oliveira,Wanderley Oliveira,True,True
dev_12550,inference,STABLE,Who is the maternal grandmother of Eleanor Of Brittany (Abbess)?,Eleanor of Provence,Eleanor of Provence,True,True
dev_2959,bridge_comparison,STABLE,"Do both films: And Then There Were None (1945 Film) and Langue Sacrée, Langue Parlée have the directors from the same country?",yes,yes,True,True
dev_8199,compositional,STABLE,Where was the director of film The Devil (1972 Film) born?,New York City,New York City,False,False
dev_5351,inference,STABLE,"Who is Joseph I, Holy Roman Emperor's paternal grandfather?",Ferdinand III,Ferdinand III,True,True
dev_1629,compositional,STABLE,Where was the director of film Sixteen (1943 Film) born?,Santiago del Estero,Santiago del Estero,True,True
dev_8530,inference,STABLE,Who is Coloman Of Galicia's paternal grandfather?,Not mentioned in the text,Andrew II of Hungary,False,False
dev_7046,inference,STABLE,Who is Princess Caroline Napoléon's maternal grandmother?,Princess Béatrice of Bourbon-Two Sicilies,Princess Béatrice of Bourbon-Two Sicilies,False,False
dev_4060,compositional,STABLE,Where was the director of film Munchie born?,answer,United States,False,False
dev_4020,compositional,STABLE,What is the place of birth of Kaarin Fairfax's husband?,Australia,Australia,False,False
dev_8491,comparison,STABLE,"Which film came out first, Lucky 13 or Recollections Of The Yellow House?",Recollections Of The Yellow House,Recollections Of The Yellow House,True,True
dev_7221,bridge_comparison,STABLE,"Which film has the director died first, Gli Eroi Del Doppio Gioco or Studujeme Za Školou?",Studujeme Za Školou,Studujeme Za Školou,True,True
dev_10870,comparison,STABLE,Was Paul Antoine Brunel or George Markham Giffard born first?,George Markham Giffard,George Markham Giffard,True,True
dev_4865,bridge_comparison,LOSS,"Which film has the director born later, No. 1 Of The Secret Service or Fog And Sun?",No. 1 Of The Secret Service,Fog And Sun,True,False
dev_9321,bridge_comparison,STABLE,Do both films The Fighting Sap and 24 Hour Psycho have the directors from the same country?,no,no,True,True
dev_6901,compositional,STABLE,What is the place of birth of William Iron Arm's father?,Coutances,Coutances,True,True
dev_11738,comparison,STABLE,"Who was born first, Wycliffe Juma or Nicolas Borodine?",Wycliffe Juma,Wycliffe Juma,True,True
dev_7692,comparison,STABLE,"Which film came out earlier, Where Are You? I'M Here or Patnam Vachina Pativrathalu?",Patnam Vachina Pativrathalu,Patnam Vachina Pativrathalu,True,True
dev_5325,compositional,STABLE,What nationality is the composer of film Dhilluku Dhuddu 2?,Singaporean,Singapore,True,True
dev_7403,compositional,STABLE,When is Susanne Porsche's husband's birthday?,"August 14, 1937","August 30, 1937",False,False
dev_3668,inference,STABLE,Who is Princess Irina Alexandrovna Of Russia's maternal grandmother?,Maria Feodorovna (Dagmar of Denmark),Maria Feodorovna (Dagmar of Denmark),True,True
dev_5416,comparison,STABLE,Does Igor Jijikine have the same nationality as Nicolas Claxton?,yes,yes,True,True
dev_7146,compositional,STABLE,What nationality is the director of film 700 Sundays (Film)?,American,American,True,True
dev_3133,compositional,LOSS,Where was the place of burial of Archduchess Eleanor Of Austria (1582–1620)'s mother?,Graz,Bavaria,True,False
dev_9993,compositional,STABLE,Where did the director of film The Alster Case die?,Baltimore,Baltimore,True,True
dev_1060,comparison,STABLE,"Who was born earlier, Humphrey Edwardes-Jones or Ángel De La Torre?",Ángel De La Torre,Ángel De La Torre,True,True
dev_448,compositional,GAIN,Where was the place of death of Ginevra D'Este's husband?,Italy,Rimini,False,True
dev_2765,comparison,STABLE,Are Morassa and Mamati located in the same country?,no,no,True,True
dev_4237,compositional,STABLE,What is the award that the director of film Margaret Atwood: Once In August received?,None,None,False,False
dev_5534,compositional,STABLE,Where was the director of film Please (Film) born?,Gothenburg,Gothenburg,True,True
dev_520,compositional,STABLE,Where was the director of film Aylwin (Film) born?,Weston-super-Mare,Weston-super-Mare,True,True
dev_5853,bridge_comparison,STABLE,"Which film has the director who is older than the other, But Not In Vain or The Beast Of Babylon Against The Son Of Hercules?",But Not In Vain,But Not In Vain,True,True
dev_4021,inference,STABLE,Who is the paternal grandfather of Shahrbanu?,Shahriyar,Shahriyar,True,True
dev_3792,compositional,STABLE,Where was the director of film Gamers: The Movie born?,Chris Folino,Chris Folino,False,False
dev_10047,bridge_comparison,STABLE,Do director of film Ten9Eight: Shoot For The Moon and director of film Sabotage (1936 Film) share the same nationality?,no,no,False,False
dev_6785,bridge_comparison,STABLE,Do both directors of films Villa Amalia (Film) and Félicité (2017 Film) have the same nationality?,yes,yes,True,True
dev_5885,comparison,STABLE,"Which film was released first, Sons Of Ram or To Play Or To Die?",To Play or to Die,To Play Or To Die,True,True
dev_910,comparison,STABLE,Are The Pursuit Of Happiness (1934 Film) and East Lynne (1931 Film) from the same country?,yes,yes,True,True
dev_10994,bridge_comparison,STABLE,"Which film whose director is younger, The Man Unconquerable or Woman Without A Past?",Woman Without A Past,Woman Without A Past,True,True
dev_12160,bridge_comparison,STABLE,"Which film whose director is younger, Bloody Moon or The House Of Pulcini?",Bloody Moon,Bloody Moon,True,True
dev_9193,bridge_comparison,LOSS,"Which film has the director who was born later, Too Many Wives or The Secret Bride?",The Secret Bride,Too Many Wives,True,False
dev_8664,comparison,STABLE,"Which film was released earlier, The Battle Of Algiers or Carib Gold?",Carib Gold,Carib Gold,True,True
dev_2828,compositional,STABLE,What nationality is the director of film Prince Or Clown?,Russian,British,False,False
dev_12382,comparison,STABLE,"Which school was founded first, Colegio Israelita De México or Waldorf University?",Waldorf University,Waldorf University,True,True
dev_5402,comparison,STABLE,"Are both Chak 26/11-L, Chichawatni and Chah-E Ali Kapari located in the same country?",no,no,True,True
dev_10404,bridge_comparison,STABLE,"Which film has the director died earlier, Modern Mothers or The Slaughter Rule?",The Slaughter Rule,The Slaughter Rule,True,True
dev_12150,bridge_comparison,STABLE,"Which film has the director died earlier, Hot Rod Rumble or Nagalit Ang Buwan Sa Haba Ng Gabi?",Nagalit Ang Buwan Sa Haba Ng Gabi,Nagalit Ang Buwan Sa Haba Ng Gabi,True,True
dev_5162,comparison,STABLE,"Which film was released first, The Prince Of Temple Street or Traveler On All Saints' Day?",Traveler On All Saints' Day,Traveler On All Saints' Day,True,True
dev_7729,compositional,STABLE,What is the place of birth of the director of film The Criminal (1926 Film)?,Poland,Poland,True,True
dev_5002,bridge_comparison,STABLE,Do both directors of films Júdás and The Wilby Conspiracy share the same nationality?,no,no,False,False
dev_738,inference,STABLE,Who is Countess Alexandra Von Zarnekau's paternal grandmother?,Princess Therese of Nassau-Weilburg,Princess Therese of Nassau-Weilburg,True,True
dev_1109,comparison,STABLE,"Who is older, Kevin Hennessy or Emilia Bayer?",Emilia Bayer,Emilia Bayer,True,True
dev_5547,compositional,STABLE,Where was the director of film Fragment Of An Empire born?,Rēzekne,Rēzekne,True,True
dev_10246,inference,STABLE,Who is Philip Of Ibelin (1180–1227)'s maternal grandmother?,Maria Taronitissa,Maria Taronitissa,True,True
dev_11641,compositional,STABLE,What is the place of birth of Consort Dugu's husband?,Chang'an,China,False,False
dev_10872,compositional,LOSS,Which award the director of film Better Man (Miniseries) won?,Young Australian of the Year,no,True,False
dev_5311,comparison,STABLE,"Who was born later, Stephen Sowerby or Just Mathias Thiele?",Stephen Sowerby,Stephen Sowerby,True,True
dev_4311,compositional,STABLE,What is the place of birth of the director of film Thomas The Impostor?,France,France,False,False
dev_2910,comparison,STABLE,"Which film was released first, The First 9½ Weeks or Christmas In Tattertown?",Christmas In Tattertown,Christmas In Tattertown,True,True
dev_7217,inference,GAIN,Who is the paternal grandfather of Acfred I Of Carcassonne?,Oliba I of Carcassonne,Bello of Carcassonne,False,True
dev_3343,compositional,LOSS,"Where was the place of death of Charles I, Margrave Of Baden-Baden's father?",Mühlburg,Baden-Baden,True,False
dev_6782,compositional,LOSS,"Where was the place of burial of the director of film My Daughter, The Socialist?",First Cemetery of Athens,Athens,True,False
dev_3448,compositional,STABLE,What is the place of birth of the director of film Melati Van Agam (1931 Film)?,Dutch East Indies,Dutch East Indies,False,False
dev_5667,bridge_comparison,STABLE,"Which film has the director who died first, The Secret Of Mayerling or Brand Of The Devil?",Brand of the Devil,Brand Of The Devil,True,True
dev_5776,comparison,STABLE,"Which album came out first, Zwischenspiel – Alles Für Den Herrn or Çà Et Là Du Japon?",Çà Et Là Du Japon,Çà Et Là Du Japon,True,True
dev_2261,bridge_comparison,LOSS,"Which film has the director who was born earlier, Knife In The Water or Born To Speed?",Born To Speed,,True,False
dev_11888,inference,STABLE,Who is the paternal grandmother of Prince Albert Of Schleswig-Holstein-Sonderburg-Glücksburg?,Princess Louise Caroline of Hesse-Kassel,Princess Louise Caroline of Hesse-Kassel,True,True
dev_432,bridge_comparison,STABLE,Are the directors of both films Der Blindgänger and Hotel Desire from the same country?,no,no,False,False
dev_1240,compositional,LOSS,"When did Magnus, Prince Of Anhalt-Köthen's father die?",28 August 1473,13 November 1500,True,False
dev_4479,comparison,STABLE,"Which film came out earlier, Princesas or Aaron Cohen'S Debt?",Aaron Cohen's Debt,Aaron Cohen's Debt,True,True
dev_2271,compositional,STABLE,What is the place of birth of Charles Eugène Gabriel De Sombreuil's father?,Ensisheim,Ensisheim,True,True
dev_768,comparison,STABLE,"Are the movies Seeing Red (1992 Film) and Wind From The Icy Country, from the same country?",yes,yes,True,True
dev_7331,inference,STABLE,Who is the paternal grandfather of Władysław I Of Płock?,"Siemowit III, Duke of Masovia","Siemowit III, Duke of Masovia",True,True
dev_627,comparison,STABLE,"Do the movies Sweet Mama (Film) and Soy Andina, originate from the same country?",yes,yes,True,True
dev_4478,compositional,GAIN,What is the place of birth of the director of film Julius Caesar (1970 Film)?,England,Essex,False,True
