sample_id,question_type,flip,b_prediction,c_prediction,b_exact,c_exact,b_f1,c_f1,b_status,c_status,b_model_calls,c_model_calls,b_input_tokens,c_input_tokens,b_output_tokens,c_output_tokens,b_latency_ms,c_latency_ms
dev_5343,inference,STABLE,Elizabeth Woodville,Elizabeth Woodville,True,True,1.0,1.0,OK,OK,8,8,13602,14184,490,693,20737.486916827038,37619.85416710377
dev_4784,compositional,STABLE,Russia,Russia,False,False,0.6666666666666666,0.6666666666666666,OK,OK,11,11,19943,22970,1135,1183,48742.67558287829,45822.2572079394
dev_11393,compositional,STABLE,New York City,New York City,True,True,1.0,1.0,OK,OK,9,10,19002,21644,444,910,16544.388625072315,155087.93666609563
dev_954,comparison,STABLE,yes,yes,True,True,1.0,1.0,OK,OK,10,11,18091,20505,587,1739,26335.9767079819,313738.1254590582
dev_91,compositional,STABLE,International Institute for Democracy and Electoral Assistance,International Institute for Democracy and Electoral Assistance,False,False,0.0,0.0,OK,OK,9,9,18695,19074,1438,1582,171098.32104085945,101308.57733404264
dev_10616,inference,LOSS,Hermann Georg of Limburg,not in this document,True,False,1.0,0.0,OK,OK,10,11,18411,21586,504,3291,22018.958959029987,156594.2793339491
dev_4961,compositional,STABLE,Not in working memory,Los Angeles,False,False,0.0,0.0,OK,OK,8,11,16605,20931,4298,8022,96755.14491694048,213777.57333405316
dev_7920,compositional,STABLE,26 May 1968,26 May 1968,True,True,1.0,1.0,OK,OK,10,10,17439,17902,477,699,25975.281459046528,28225.1198340673
dev_1328,compositional,STABLE,York,not mentioned,False,False,0.0,0.0,OK,OK,10,11,22379,27542,3230,5172,226017.76004210114,138655.734666856
dev_2065,compositional,STABLE,,,False,False,0.0,0.0,ERROR,ERROR,11,10,19178,19548,8560,8644,540866.4777500089,420139.4180841744
dev_10526,compositional,STABLE,Germany,Battle of Göllheim,False,False,0.0,0.5,OK,OK,9,10,15648,18038,3096,926,85786.40441712923,151678.52445901372
dev_7368,comparison,STABLE,James Conmee,James Conmee,True,True,1.0,1.0,OK,OK,10,11,19818,23091,637,1404,32972.867750097066,62533.706916030496
dev_8904,compositional,STABLE,Newport,Newport,True,True,1.0,1.0,OK,OK,9,10,16604,18052,397,674,13971.36737499386,30661.039624828845
dev_10141,comparison,STABLE,Dance Raja Dance,Dance Raja Dance,True,True,1.0,1.0,OK,OK,9,11,18257,22981,673,1632,32465.553750051185,80768.83083418943
dev_9926,comparison,STABLE,I Bury The Living,I Bury The Living,True,True,1.0,1.0,OK,OK,8,8,14742,15520,549,983,25885.28895797208,149456.4200830646
dev_1850,compositional,STABLE,Käthe von Nagy,Käthe von Nagy,True,True,1.0,1.0,OK,OK,10,11,17280,19145,418,892,21868.160542100668,47720.1524998527
dev_3890,compositional,STABLE,execution by firing squad,execution by firing squad,True,True,1.0,1.0,OK,OK,10,10,21919,21803,424,1424,21256.893999874592,177413.03504095413
dev_5132,inference,STABLE,"George Louis, Prince of Nassau-Dillenburg","George Louis, Prince of Nassau-Dillenburg",True,True,1.0,1.0,OK,OK,11,11,21743,23331,577,1135,26689.48445888236,307872.0199170057
dev_1456,inference,GAIN,"Baptist Noel, 4th Earl of Gainsborough","Baptist Noel, 3rd Earl of Gainsborough",False,True,0.8333333333333334,1.0,OK,OK,11,9,20086,17453,812,2862,31745.446584187448,132441.6892498266
dev_4167,compositional,STABLE,1914,1914,False,False,0.0,0.0,OK,OK,9,9,15489,16830,1301,657,171214.95704120025,22045.628332998604
dev_5027,compositional,STABLE,Alnwick,Alnwick,False,False,0.0,0.0,OK,OK,9,10,16223,18301,1589,2161,37027.131292037666,97540.37637496367
dev_6188,comparison,STABLE,Garrett Williamson,Garrett Williamson,True,True,1.0,1.0,OK,OK,10,10,19364,19848,536,769,20873.830916825682,29850.119625218213
dev_2955,compositional,STABLE,Villupuram,Hungary,False,False,0.0,0.0,OK,OK,10,10,31385,19421,7598,1387,329016.7395831086,55045.03362486139
dev_9742,bridge_comparison,STABLE,Otec Neznámý Aneb Cesta Do Hlubin Duše Výstrojního Náčelníka,Otec Neznámý Aneb Cesta Do Hlubin Duše Výstrojního Náčelníka,True,True,1.0,1.0,OK,OK,13,14,27971,32690,1350,3066,42151.81508404203,328811.3121660426
dev_11630,compositional,STABLE,United States,United States,False,False,0.5714285714285715,0.5714285714285715,OK,OK,10,11,18259,20317,1539,2037,74897.78125006706,295510.83954097703
dev_9241,compositional,STABLE,Mladá Boleslav,Mladá Boleslav,True,True,1.0,1.0,OK,OK,9,10,16738,18500,424,717,18551.740834023803,31468.05033297278
dev_10191,compositional,STABLE,Hollywood,Hollywood,True,True,1.0,1.0,OK,OK,10,10,21310,22191,1601,3023,81370.4218340572,71759.87099995837
dev_7119,comparison,STABLE,Wangechi,Wangechi,True,True,1.0,1.0,OK,OK,10,11,19346,22278,566,1223,21145.006083883345,36191.74391590059
dev_4680,comparison,STABLE,"Henry Strutt, 2nd Baron Belper","Henry Strutt, 2nd Baron Belper",True,True,1.0,1.0,OK,OK,9,10,22664,28335,1409,3525,47258.14849999733,254388.11654178426
dev_9001,compositional,STABLE,18 October 1664,18 October 1664,True,True,1.0,1.0,OK,OK,9,10,19861,21966,515,815,26068.64087493159,36183.02345904522
dev_3921,compositional,STABLE,Sweden,Sweden,False,False,0.0,0.0,OK,OK,9,10,17088,18313,1750,2198,32228.108583018184,195991.2779170554
dev_11153,compositional,STABLE,28 August 1827,28 August 1827,True,True,1.0,1.0,OK,OK,10,11,18420,22751,538,1110,28897.01616601087,39684.84737491235
dev_9618,compositional,STABLE,Leopoldo Torres Ríos,Leopoldo Torres Ríos,True,True,1.0,1.0,OK,OK,9,10,17907,19354,439,724,25166.914999950677,27328.292875085026
dev_8009,bridge_comparison,LOSS,Paasa Paravaigal,And The Heavens Above Us,True,False,1.0,0.0,OK,OK,13,11,26675,23460,2438,4216,124596.87920799479,105751.30745884962
dev_6203,comparison,STABLE,Operator 13,Operator 13,True,True,1.0,1.0,OK,OK,10,11,19221,22223,587,1247,31625.984084093943,169530.9534999542
dev_12309,compositional,STABLE,Kismarton,Kismarton,False,False,0.0,0.0,OK,OK,6,7,11545,12675,485,1709,19348.455291008577,58691.43104203977
dev_2943,bridge_comparison,STABLE,no,no,True,True,1.0,1.0,OK,OK,8,9,14972,17768,789,1388,40844.06558284536,173658.82029104978
dev_1707,comparison,STABLE,Shawn Bunch,Shawn Bunch,True,True,1.0,1.0,OK,OK,11,14,18488,26662,696,1810,36464.35391693376,430456.13629184663
dev_2984,compositional,STABLE,Oklahoma City,Oklahoma City,True,True,1.0,1.0,OK,OK,10,11,16102,18027,488,780,26380.23874978535,35648.89570791274
dev_2814,comparison,STABLE,Ugonna Okegwo,Ugonna Okegwo,True,True,1.0,1.0,OK,OK,10,11,18741,24670,641,1687,40689.55804198049,69051.01412488148
dev_4298,compositional,STABLE,25 November 1965,25 November 1965,True,True,1.0,1.0,OK,OK,9,10,17540,19495,540,798,27657.459791051224,31525.38170805201
dev_4288,inference,STABLE,Queen Sirikit,Queen Sirikit,True,True,1.0,1.0,OK,OK,10,11,20369,19689,1616,1022,69278.86341605335,36657.587207853794
dev_2945,compositional,STABLE,Neapolitan,Neapolitan,False,False,0.0,0.0,OK,OK,11,10,18777,19511,651,838,40694.35541587882,26770.97558393143
dev_1566,bridge_comparison,STABLE,yes,yes,True,True,1.0,1.0,OK,OK,17,16,34053,29368,6816,1966,200836.160791805,74758.04704101756
dev_5292,comparison,STABLE,Saleh Al-Dawod,Saleh Al-Dawod,True,True,1.0,1.0,OK,OK,10,11,19503,22560,675,1387,31722.904291935265,41875.87350001559
dev_11285,bridge_comparison,GAIN,The Enchanted Valley,The Night of the Party,False,True,0.28571428571428575,1.0,OK,OK,12,10,22803,18907,6623,3546,172483.2740831189,207739.69620792195
dev_2020,bridge_comparison,STABLE,Augusto Anibal Quer Casar,Augusto Anibal Quer Casar,True,True,1.0,1.0,OK,OK,12,9,23112,16706,1084,2810,51161.60608292557,197274.19062517583
dev_11141,comparison,STABLE,"Chaplinesque, My Life And Hard Times","Chaplinesque, My Life And Hard Times",True,True,1.0,1.0,OK,OK,14,11,29956,26185,3709,4497,297931.85420916416,271748.5723749269
dev_9348,bridge_comparison,STABLE,The Whisperers,The Whisperers,True,True,1.0,1.0,OK,OK,13,17,26379,40262,2636,8917,478419.36962492764,620958.4112090524
dev_9212,bridge_comparison,STABLE,Hills Of Kentucky,Hills Of Kentucky,True,True,1.0,1.0,OK,OK,8,12,15672,24254,3260,2089,78359.52670802362,85067.85337487236
dev_3606,compositional,STABLE,Bang Khonthi,Bang Khonthi,True,True,1.0,1.0,OK,OK,9,10,18964,20620,478,868,25343.328000046313,37420.67791707814
dev_729,comparison,STABLE,yes,yes,True,True,1.0,1.0,OK,OK,11,7,21666,15623,868,777,41538.65108313039,29045.37724982947
dev_8181,comparison,STABLE,Pirates of the Sky,Pirates of the Sky,True,True,1.0,1.0,OK,OK,8,8,15296,16150,759,1098,37019.793999847025,37600.99474992603
dev_379,comparison,STABLE,Wanderley Oliveira,Wanderley Oliveira,True,True,1.0,1.0,OK,OK,8,10,16274,20967,608,896,32615.610958077013,152175.68887514062
dev_12550,inference,STABLE,Eleanor of Provence,Eleanor of Provence,True,True,1.0,1.0,OK,OK,11,11,19145,21042,566,1184,24451.56579092145,45210.40237508714
dev_2959,bridge_comparison,STABLE,yes,yes,True,True,1.0,1.0,OK,OK,14,21,28193,63130,1581,10498,74084.72408307716,409912.8460828215
dev_8199,compositional,STABLE,Lwów,Lwów,True,True,1.0,1.0,OK,OK,10,11,17936,19464,483,811,25320.95933286473,35797.242916887626
dev_5351,inference,STABLE,"Ferdinand III, Holy Roman Emperor","Ferdinand III, Holy Roman Emperor",True,True,1.0,1.0,OK,OK,11,10,19109,19626,611,765,24437.796958023682,140718.21462502703
dev_1629,compositional,STABLE,Santiago del Estero,Santiago del Estero,True,True,1.0,1.0,OK,OK,10,11,16514,18522,318,725,17585.60883393511,277542.09433309734
dev_8530,inference,STABLE,Béla III of Hungary,Béla III of Hungary,True,True,1.0,1.0,OK,OK,10,11,21914,25877,660,1120,33356.7272501532,46932.70620889962
dev_7046,inference,STABLE,,Princess Béatrice of Bourbon-Two Sicilies,False,False,0.0,0.0,ERROR,OK,10,9,18699,17506,8520,4272,239225.6795000285,284249.8476251494
dev_4060,compositional,STABLE,Jim Wynorski,Los Angeles,False,False,0.0,0.0,OK,OK,7,9,13416,16074,2604,6952,355702.84866704606,201533.87658298016
dev_4020,compositional,STABLE,Australia,Australian,False,False,0.0,0.0,OK,OK,9,10,20777,21388,847,783,28650.66995797679,268980.9110001661
dev_8491,comparison,STABLE,Recollections Of The Yellow House,Recollections Of The Yellow House,True,True,1.0,1.0,OK,OK,10,11,19015,22293,912,1540,37080.5764591787,53505.7557921391
dev_7221,bridge_comparison,STABLE,Studujeme Za Školou,Studujeme Za Školou,True,True,1.0,1.0,OK,OK,14,15,28163,34182,1194,2788,54333.863417152315,198423.3483748976
dev_10870,comparison,STABLE,George Markham Giffard,George Markham Giffard,True,True,1.0,1.0,OK,OK,11,11,20045,21815,775,1382,39808.61012497917,39505.399625049904
dev_4865,bridge_comparison,STABLE,No. 1 Of The Secret Service,No. 1 Of The Secret Service,True,True,1.0,1.0,OK,OK,11,12,19258,21551,2897,8462,183223.7952919677,363330.2492920775
dev_9321,bridge_comparison,STABLE,no,no,True,True,1.0,1.0,OK,OK,10,12,20287,29957,1598,2339,180005.8967920486,97428.94920799881
dev_6901,compositional,STABLE,Normandy,Normandy,False,False,0.0,0.0,OK,OK,9,10,19387,22468,2895,1726,102566.2763749715,200983.83237491362
dev_11738,comparison,STABLE,Wycliffe Juma,Wycliffe Juma,True,True,1.0,1.0,OK,OK,10,11,18555,21539,555,1385,33349.83233292587,60003.460000036284
dev_7692,comparison,STABLE,Patnam Vachina Pativrathalu,Patnam Vachina Pativrathalu,True,True,1.0,1.0,OK,OK,10,11,21834,24242,1019,1719,48435.69216597825,51660.95395805314
dev_5325,compositional,STABLE,Singaporean,Singaporean,True,True,1.0,1.0,OK,OK,8,7,14845,13274,469,689,21541.15366609767,37348.32329209894
dev_7403,compositional,LOSS,10 May 1943,Wolfgang Porsche,True,False,1.0,0.0,OK,OK,10,5,17364,12031,440,553,28065.111957956105,140961.93112479523
dev_3668,inference,STABLE,Maria Feodorovna (Dagmar of Denmark),Maria Feodorovna (Dagmar of Denmark),True,True,1.0,1.0,OK,OK,10,11,17963,20860,1052,1030,30841.324416920543,171581.6842499189
dev_5416,comparison,STABLE,yes,yes,True,True,1.0,1.0,OK,OK,10,10,18062,18465,593,819,36649.82308400795,31361.375333042815
dev_7146,compositional,LOSS,American,Canadian,True,False,1.0,0.0,OK,OK,10,6,17542,12179,2916,1845,138046.04012495838,31841.68087504804
dev_3133,compositional,STABLE,Maria Anna of Bavaria,Maria Anna of Bavaria,False,False,0.0,0.0,OK,OK,9,11,17346,21117,7413,9124,211390.31987497583,553348.2077079825
dev_9993,compositional,STABLE,Baltimore,Baltimore,True,True,1.0,1.0,OK,OK,8,8,13321,13806,344,499,18967.709792079404,20496.539207873866
dev_1060,comparison,STABLE,Ángel De La Torre,Ángel De La Torre,True,True,1.0,1.0,OK,OK,11,11,20739,21062,757,1119,39541.12287494354,45862.50116699375
dev_448,compositional,STABLE,not mentioned,not mentioned,False,False,0.0,0.0,OK,OK,11,12,28760,25362,8493,7031,294308.50849999115,321520.34249994904
dev_2765,comparison,STABLE,no,no,True,True,1.0,1.0,OK,OK,9,9,17239,17910,593,878,29335.70562512614,37404.862500028685
dev_4237,compositional,STABLE,Genie Award,none,False,False,0.0,0.0,OK,OK,8,9,15651,20188,7885,5551,218529.00870912708,124209.02612502687
dev_5534,compositional,STABLE,Gothenburg,Gothenburg,True,True,1.0,1.0,OK,OK,10,11,16709,18939,906,904,39071.66574988514,33436.58599979244
dev_520,compositional,STABLE,Weston-super-Mare,Weston-super-Mare,True,True,1.0,1.0,OK,OK,10,11,16174,18101,359,895,19584.342708112672,155994.29616704583
dev_5853,bridge_comparison,STABLE,But Not In Vain,But Not in Vain,True,True,1.0,1.0,OK,OK,14,21,32541,45593,6444,10796,284537.54241601564,259918.19845791906
dev_4021,inference,STABLE,Khosrow II,Ali,False,False,0.5714285714285715,0.0,OK,OK,11,12,20602,27190,4359,6711,103723.98195811547,207027.59308298118
dev_3792,compositional,STABLE,Pasadena,Pasadena,True,True,1.0,1.0,OK,OK,9,10,18286,19750,437,687,24070.776290958747,24800.565499812365
dev_10047,bridge_comparison,STABLE,no,No,False,False,0.0,0.0,OK,OK,10,9,23890,21498,2083,5124,89068.13062517904,148683.77062515356
dev_6785,bridge_comparison,STABLE,yes,yes,True,True,1.0,1.0,OK,OK,14,15,29382,34378,1611,3155,64049.15041686036,229655.967541039
dev_5885,comparison,STABLE,To Play Or To Die,To Play or to Die,True,True,1.0,1.0,OK,OK,8,12,15365,23236,845,1391,34072.277000173926,165563.42949997634
dev_910,comparison,STABLE,yes,yes,True,True,1.0,1.0,OK,OK,10,11,20812,24878,1106,1830,51664.968291064724,48098.29324996099
dev_10994,bridge_comparison,STABLE,Woman Without A Past,Woman Without A Past,True,True,1.0,1.0,OK,OK,11,10,22084,24814,1026,3297,54399.1352498997,71147.84908411093
dev_12160,bridge_comparison,STABLE,Bloody Moon,Bloody Moon,True,True,1.0,1.0,OK,OK,8,8,15427,16214,753,1067,24000.98545802757,38392.38883391954
dev_9193,bridge_comparison,STABLE,The Secret Bride,The Secret Bride,True,True,1.0,1.0,OK,OK,9,10,19626,21780,3739,4764,270025.1899580471,261985.84208311513
dev_8664,comparison,STABLE,Carib Gold,Carib Gold,True,True,1.0,1.0,OK,OK,11,8,25666,19758,1130,887,39905.32404091209,33260.91108401306
dev_2828,compositional,STABLE,Russian and Soviet,Russian,False,False,0.6666666666666666,0.0,OK,OK,11,11,20060,34839,4651,3476,123991.86841701157,364349.6735000517
dev_12382,comparison,STABLE,Waldorf University,Waldorf University,True,True,1.0,1.0,OK,OK,10,11,21674,24945,582,1228,35533.97049987689,161919.97700021602
dev_5402,comparison,STABLE,no,no,True,True,1.0,1.0,OK,OK,11,10,27577,24338,1595,2331,52843.47866708413,186232.27837495506
dev_10404,bridge_comparison,STABLE,The Slaughter Rule,The Slaughter Rule,True,True,1.0,1.0,OK,OK,12,14,22782,33391,2539,2843,84826.19383302517,183076.187166851
dev_12150,bridge_comparison,STABLE,Nagalit Ang Buwan Sa Haba Ng Gabi,Nagalit Ang Buwan Sa Haba Ng Gabi,True,True,1.0,1.0,OK,OK,10,11,21114,23944,4488,1715,105716.55112504959,190088.15729198977
dev_5162,comparison,STABLE,Traveler On All Saints' Day,Traveler On All Saints' Day,True,True,1.0,1.0,OK,OK,5,8,10617,15310,496,878,17707.81729090959,30367.299374891445
dev_7729,compositional,STABLE,France,Paris,False,False,0.0,0.0,OK,OK,8,7,13772,12396,4585,2553,109559.66449994594,330157.29125007056
dev_5002,bridge_comparison,STABLE,no,no,False,False,0.0,0.0,OK,OK,17,14,32221,30697,5318,3768,122874.37258311547,370019.2010421306
dev_738,inference,STABLE,Princess Therese of Nassau-Weilburg,Princess Therese of Nassau-Weilburg,True,True,1.0,1.0,OK,OK,10,11,17606,19504,782,992,19433.342665899545,38729.09312485717
dev_1109,comparison,STABLE,Emilia Bayer,Emilia Bayer,True,True,1.0,1.0,OK,OK,8,8,15343,16189,567,960,21241.809790953994,30855.45629216358
dev_5547,compositional,STABLE,Rēzekne,Rēzekne,True,True,1.0,1.0,OK,OK,9,10,16858,18373,344,645,15852.456541964784,144183.28187498264
dev_10246,inference,STABLE,Maria Taronitissa,Maria Taronitissa,True,True,1.0,1.0,OK,OK,10,10,20057,20052,1193,1166,35286.000167019665,31440.681458218023
dev_11641,compositional,STABLE,China,China,False,False,0.0,0.0,OK,OK,11,10,24160,24685,1316,1806,54948.65608308464,59573.38558300398
dev_10872,compositional,STABLE,Young Australian of the Year,Young Australian of the Year,True,True,1.0,1.0,OK,OK,9,9,18590,16438,736,567,29366.95716716349,144840.8092081081
dev_5311,comparison,STABLE,Stephen Sowerby,Stephen Sowerby,True,True,1.0,1.0,OK,OK,11,11,20683,25123,2567,1532,106724.54258287326,52038.28016691841
dev_4311,compositional,STABLE,Paris,France,False,False,0.0,0.0,OK,OK,10,10,17107,17864,2625,4730,247357.7887499705,238802.59125004523
dev_2910,comparison,STABLE,Christmas in Tattertown,Christmas In Tattertown,True,True,1.0,1.0,OK,OK,8,8,14920,15763,638,1055,24188.464540988207,41455.68250003271
dev_7217,inference,STABLE,Bello of Carcassonne,Bello of Carcassonne,True,True,1.0,1.0,OK,OK,11,10,22497,20801,1008,1157,33620.203624945134,33829.00070794858
dev_3343,compositional,GAIN,Baden-Baden,Mühlburg,False,True,0.0,1.0,OK,OK,10,8,20402,18984,2165,1535,51508.25900002383,66913.41575002298
dev_6782,compositional,STABLE,Huang Jianxin,Athens,False,False,0.0,0.4,OK,OK,9,8,17230,14573,12338,1507,444228.6624999251,49453.97112495266
dev_3448,compositional,GAIN,Dutch East Indies,Indonesia,False,True,0.0,1.0,OK,OK,7,8,12114,13782,937,1003,41228.942499961704,41957.59900007397
dev_5667,bridge_comparison,STABLE,Brand Of The Devil,Brand Of The Devil,True,True,1.0,1.0,OK,OK,15,14,30991,34679,1200,2827,53907.39787509665,100119.98020904139
dev_5776,comparison,STABLE,Çà Et Là Du Japon,Çà Et Là Du Japon,True,True,1.0,1.0,OK,OK,9,9,19261,19917,841,1071,30929.992499994114,41937.469291035086
dev_2261,bridge_comparison,LOSS,Born To Speed,Knife In The Water,True,False,1.0,0.0,OK,OK,14,15,29330,33875,7674,10866,221810.88291713968,393886.7637079675
dev_11888,inference,STABLE,Princess Louise Caroline of Hesse-Kassel,Princess Louise Caroline of Hesse-Kassel,True,True,1.0,1.0,OK,OK,9,10,19224,21501,554,902,25572.832999983802,161913.9146672096
dev_432,bridge_comparison,LOSS,yes,no,True,False,1.0,0.0,OK,OK,17,11,30084,21959,1193,4124,39472.14170801453,139396.2920838967
dev_1240,compositional,STABLE,1436,1436,False,False,0.0,0.0,OK,OK,11,9,19953,16863,1172,881,65013.63616599701,31107.12749999948
dev_4479,comparison,STABLE,Aaron Cohen's Debt,Aaron Cohen's Debt,True,True,1.0,1.0,OK,OK,11,6,20602,13072,1631,3005,61084.72325000912,94294.21654087491
dev_2271,compositional,STABLE,Ensisheim,Ensisheim,True,True,1.0,1.0,OK,OK,10,11,16748,18883,506,934,26692.70012504421,45619.02945814654
dev_768,comparison,STABLE,yes,yes,True,True,1.0,1.0,OK,OK,10,10,19062,19540,669,1025,29616.45729211159,286965.58954101056
dev_7331,inference,STABLE,"Siemowit III, Duke of Masovia","Siemowit III, Duke of Masovia",True,True,1.0,1.0,OK,OK,10,11,20919,23384,780,1165,35418.860625009984,49949.93458408862
dev_627,comparison,STABLE,yes,yes,True,True,1.0,1.0,OK,OK,8,8,14160,14668,748,1064,32694.797624833882,48170.94383412041
dev_4478,compositional,STABLE,,England,False,False,0.0,0.0,ERROR,OK,9,11,17468,49656,8441,8337,405451.76095794886,361860.096833203
