baseline,sample_id,question_type,flip,question,baseline_prediction,candidate_prediction,baseline_exact,candidate_exact
v06a,dev_5343,inference,STABLE,"Who is Anne De Mowbray, 8Th Countess Of Norfolk's mother-in-law?",Elizabeth Woodville,Elizabeth Woodville,True,True
parent,dev_5343,inference,STABLE,"Who is Anne De Mowbray, 8Th Countess Of Norfolk's mother-in-law?",Elizabeth Woodville,Elizabeth Woodville,True,True
v06a,dev_4784,compositional,STABLE,Where was the director of film Taras Bulba (1924 Film) born?,Russia,Russia,False,False
parent,dev_4784,compositional,STABLE,Where was the director of film Taras Bulba (1924 Film) born?,Russia,Russia,False,False
v06a,dev_11393,compositional,STABLE,Where was the performer of song Stargirl Interlude born?,Canada,Canada,False,False
parent,dev_11393,compositional,LOSS,Where was the performer of song Stargirl Interlude born?,New York City,Canada,True,False
v06a,dev_954,comparison,STABLE,Are Ding Yaping and Johann Christian Gustav Lucae of the same nationality?,yes,yes,True,True
parent,dev_954,comparison,STABLE,Are Ding Yaping and Johann Christian Gustav Lucae of the same nationality?,yes,yes,True,True
v06a,dev_91,compositional,STABLE,Where does Karin Stoltenberg's husband work at?,Ministry of Foreign Affairs,Ministry of Foreign Affairs,False,False
parent,dev_91,compositional,STABLE,Where does Karin Stoltenberg's husband work at?,Ministry of Foreign Affairs,Ministry of Foreign Affairs,False,False
v06a,dev_10616,inference,STABLE,Who is Georg Ernst Of Limburg Stirum's paternal grandfather?,Hermann Georg of Limburg,Hermann Georg of Limburg,True,True
parent,dev_10616,inference,STABLE,Who is Georg Ernst Of Limburg Stirum's paternal grandfather?,Hermann Georg of Limburg,Hermann Georg of Limburg,True,True
v06a,dev_4961,compositional,STABLE,Where did the director of film Yamata die?,United Kingdom,Britain,False,False
parent,dev_4961,compositional,LOSS,Where did the director of film Yamata die?,London,Britain,True,False
v06a,dev_7920,compositional,STABLE,"When was Mary, Crown Princess Of Denmark's husband born?",26 May 1968,26 May 1968,True,True
parent,dev_7920,compositional,STABLE,"When was Mary, Crown Princess Of Denmark's husband born?",26 May 1968,26 May 1968,True,True
v06a,dev_1328,compositional,GAIN,Where did Ragnall Guthfrithson's father die?,Northumbria,Dublin,False,True
parent,dev_1328,compositional,GAIN,Where did Ragnall Guthfrithson's father die?,unknown,Dublin,False,True
v06a,dev_2065,compositional,STABLE,"What is the date of birth of Sir John Talbot Power, 3Rd Baronet's father?",James Power,not mentioned,False,False
parent,dev_2065,compositional,STABLE,"What is the date of birth of Sir John Talbot Power, 3Rd Baronet's father?",,not mentioned,False,False
v06a,dev_10526,compositional,STABLE,Where was the place of death of Imagina Of Isenburg-Limburg's husband?,Darmstadt,Germany,False,False
parent,dev_10526,compositional,STABLE,Where was the place of death of Imagina Of Isenburg-Limburg's husband?,Germany,Germany,False,False
v06a,dev_7368,comparison,STABLE,"Who is older, Alan Dugdale or James Conmee?",James Conmee,James Conmee,True,True
parent,dev_7368,comparison,STABLE,"Who is older, Alan Dugdale or James Conmee?",James Conmee,James Conmee,True,True
v06a,dev_8904,compositional,STABLE,Where was the place of death of Ann Smith Franklin's husband?,Newport,Newport,True,True
parent,dev_8904,compositional,STABLE,Where was the place of death of Ann Smith Franklin's husband?,Newport,Newport,True,True
v06a,dev_10141,comparison,STABLE,"Which film was released first, The Killing Room or Dance Raja Dance?",Dance Raja Dance,Dance Raja Dance,True,True
parent,dev_10141,comparison,STABLE,"Which film was released first, The Killing Room or Dance Raja Dance?",Dance Raja Dance,Dance Raja Dance,True,True
v06a,dev_9926,comparison,STABLE,"Which film came out first, La Casa Stregata or I Bury The Living?",I Bury The Living,I Bury The Living,True,True
parent,dev_9926,comparison,STABLE,"Which film came out first, La Casa Stregata or I Bury The Living?",I Bury The Living,I Bury The Living,True,True
v06a,dev_1850,compositional,STABLE,Who is the spouse of the director of film Den Of Iniquity?,Käthe von Nagy,Käthe von Nagy,True,True
parent,dev_1850,compositional,STABLE,Who is the spouse of the director of film Den Of Iniquity?,Käthe von Nagy,Käthe von Nagy,True,True
v06a,dev_3890,compositional,LOSS,Why did Zoia Ceaușescu's father die?,execution by firing squad,he was executed after being tried and convicted of economic sabotage and genocide,True,False
parent,dev_3890,compositional,LOSS,Why did Zoia Ceaușescu's father die?,execution by firing squad,he was executed after being tried and convicted of economic sabotage and genocide,True,False
v06a,dev_5132,inference,STABLE,"Who is William Ii, Prince Of Nassau-Dillenburg's paternal grandfather?","George Louis, Prince of Nassau-Dillenburg","George Louis, Prince of Nassau-Dillenburg",True,True
parent,dev_5132,inference,STABLE,"Who is William Ii, Prince Of Nassau-Dillenburg's paternal grandfather?","George Louis, Prince of Nassau-Dillenburg","George Louis, Prince of Nassau-Dillenburg",True,True
v06a,dev_1456,inference,STABLE,"Who is Henry Noel, 6Th Earl Of Gainsborough's paternal grandfather?","Baptist Noel, 3rd Earl of Gainsborough","Baptist Noel, 3rd Earl of Gainsborough",True,True
parent,dev_1456,inference,GAIN,"Who is Henry Noel, 6Th Earl Of Gainsborough's paternal grandfather?","Baptist Noel, 4th Earl of Gainsborough","Baptist Noel, 3rd Earl of Gainsborough",False,True
v06a,dev_4167,compositional,STABLE,When is Jassim Bin Muhammed Bin Jassim Al Thani's father's birthday?,1880,1880,False,False
parent,dev_4167,compositional,STABLE,When is Jassim Bin Muhammed Bin Jassim Al Thani's father's birthday?,1914,1880,False,False
v06a,dev_5027,compositional,STABLE,"Where was the place of death of Henry Percy, 3Rd Baron Percy's father?",1352,Alnwick,False,False
parent,dev_5027,compositional,STABLE,"Where was the place of death of Henry Percy, 3Rd Baron Percy's father?",Alnwick,Alnwick,False,False
v06a,dev_6188,comparison,STABLE,Was Kristine Bjørdal Leine or Garrett Williamson born first?,Garrett Williamson,Garrett Williamson,True,True
parent,dev_6188,comparison,STABLE,Was Kristine Bjørdal Leine or Garrett Williamson born first?,Garrett Williamson,Garrett Williamson,True,True
v06a,dev_2955,compositional,STABLE,What is the place of birth of the director of film Days Of Betrayal?,Hradec Králové,Hradec Králové,True,True
parent,dev_2955,compositional,GAIN,What is the place of birth of the director of film Days Of Betrayal?,Villupuram,Hradec Králové,False,True
v06a,dev_9742,bridge_comparison,LOSS,"Which film has the director who was born later, Atheetham or Otec Neznámý Aneb Cesta Do Hlubin Duše Výstrojního Náčelníka?",Otec Neznámý Aneb Cesta Do Hlubin Duše Výstrojního Náčelníka,Atheetham,True,False
parent,dev_9742,bridge_comparison,LOSS,"Which film has the director who was born later, Atheetham or Otec Neznámý Aneb Cesta Do Hlubin Duše Výstrojního Náčelníka?",Otec Neznámý Aneb Cesta Do Hlubin Duše Výstrojního Náčelníka,Atheetham,True,False
v06a,dev_11630,compositional,STABLE,Where was the director of film Trick For Trick born?,United States,United States,False,False
parent,dev_11630,compositional,STABLE,Where was the director of film Trick For Trick born?,United States,United States,False,False
v06a,dev_9241,compositional,STABLE,What is the place of birth of the director of film Forgotten Light?,Mladá Boleslav,Mladá Boleslav,True,True
parent,dev_9241,compositional,STABLE,What is the place of birth of the director of film Forgotten Light?,Mladá Boleslav,Mladá Boleslav,True,True
v06a,dev_10191,compositional,GAIN,Where did the director of film Alexander The Great (1956 Film) die?,United States,Hollywood,False,True
parent,dev_10191,compositional,STABLE,Where did the director of film Alexander The Great (1956 Film) die?,Hollywood,Hollywood,True,True
v06a,dev_7119,comparison,STABLE,"Who was born later, Miko Mayama or Wangechi?",Wangechi,Wangechi,True,True
parent,dev_7119,comparison,STABLE,"Who was born later, Miko Mayama or Wangechi?",Wangechi,Wangechi,True,True
v06a,dev_4680,comparison,STABLE,"Who lived longer, Nina Škottová or Henry Strutt, 2Nd Baron Belper?","Henry Strutt, 2nd Baron Belper","Henry Strutt, 2nd Baron Belper",True,True
parent,dev_4680,comparison,STABLE,"Who lived longer, Nina Škottová or Henry Strutt, 2Nd Baron Belper?","Henry Strutt, 2nd Baron Belper","Henry Strutt, 2nd Baron Belper",True,True
v06a,dev_9001,compositional,STABLE,"What is the date of birth of George Compton, 6Th Earl Of Northampton's father?",18 October 1664,18 October 1664,True,True
parent,dev_9001,compositional,STABLE,"What is the date of birth of George Compton, 6Th Earl Of Northampton's father?",18 October 1664,18 October 1664,True,True
v06a,dev_3921,compositional,STABLE,Where did the director of film This Can'T Happen Here die?,Sweden,Sweden,False,False
parent,dev_3921,compositional,STABLE,Where did the director of film This Can'T Happen Here die?,Stockholm,Sweden,False,False
v06a,dev_11153,compositional,STABLE,What is the date of birth of Duke Georg Alexander Of Mecklenburg-Strelitz's mother?,28 August 1827,28 August 1827,True,True
parent,dev_11153,compositional,STABLE,What is the date of birth of Duke Georg Alexander Of Mecklenburg-Strelitz's mother?,28 August 1827,28 August 1827,True,True
v06a,dev_9618,compositional,STABLE,Who is the father of the director of film The Female: Seventy Times Seven?,Leopoldo Torres Ríos,Leopoldo Torres Ríos,True,True
parent,dev_9618,compositional,STABLE,Who is the father of the director of film The Female: Seventy Times Seven?,Leopoldo Torres Ríos,Leopoldo Torres Ríos,True,True
v06a,dev_8009,bridge_comparison,STABLE,"Which film has the director born later, Paasa Paravaigal or And The Heavens Above Us?",Paasa Paravaigal,Paasa Paravaigal,True,True
parent,dev_8009,bridge_comparison,STABLE,"Which film has the director born later, Paasa Paravaigal or And The Heavens Above Us?",Paasa Paravaigal,Paasa Paravaigal,True,True
v06a,dev_6203,comparison,STABLE,"Which film was released first, Ram Ram Gangaram or Operator 13?",Operator 13,Operator 13,True,True
parent,dev_6203,comparison,STABLE,"Which film was released first, Ram Ram Gangaram or Operator 13?",Operator 13,Operator 13,True,True
v06a,dev_12309,compositional,STABLE,What is the place of birth of Ferenc Markó's father?,Levoča,Levoča,True,True
parent,dev_12309,compositional,STABLE,What is the place of birth of Ferenc Markó's father?,Levoča,Levoča,True,True
v06a,dev_2943,bridge_comparison,STABLE,Do both films Chatterbox (1936 Film) and Swept From The Sea have the directors that share the same nationality?,no,no,True,True
parent,dev_2943,bridge_comparison,STABLE,Do both films Chatterbox (1936 Film) and Swept From The Sea have the directors that share the same nationality?,no,no,True,True
v06a,dev_1707,comparison,STABLE,"Who was born earlier, Chow Kwong Wing or Shawn Bunch?",Shawn Bunch,Shawn Bunch,True,True
parent,dev_1707,comparison,STABLE,"Who was born earlier, Chow Kwong Wing or Shawn Bunch?",Shawn Bunch,Shawn Bunch,True,True
v06a,dev_2984,compositional,STABLE,Where was the director of film The Unknown Cavalier born?,Oklahoma City,Oklahoma City,True,True
parent,dev_2984,compositional,STABLE,Where was the director of film The Unknown Cavalier born?,Oklahoma City,Oklahoma City,True,True
v06a,dev_2814,comparison,STABLE,"Who was born first, Ugonna Okegwo or Muhammad Hashim Kakar?",Ugonna Okegwo,Ugonna Okegwo,True,True
parent,dev_2814,comparison,STABLE,"Who was born first, Ugonna Okegwo or Muhammad Hashim Kakar?",Ugonna Okegwo,Ugonna Okegwo,True,True
v06a,dev_4298,compositional,LOSS,"When is Louis Spencer, Viscount Althorp's mother's birthday?",25 November 1965,answer,True,False
parent,dev_4298,compositional,LOSS,"When is Louis Spencer, Viscount Althorp's mother's birthday?",25 November 1965,answer,True,False
v06a,dev_4288,inference,STABLE,Who is Sirikitiya Jensen's maternal grandmother?,Queen Sirikit,Queen Sirikit,True,True
parent,dev_4288,inference,STABLE,Who is Sirikitiya Jensen's maternal grandmother?,Queen Sirikit,Queen Sirikit,True,True
v06a,dev_2945,compositional,STABLE,What nationality is Peter Tempesta's father?,Neapolitan,Neapolitan,False,False
parent,dev_2945,compositional,STABLE,What nationality is Peter Tempesta's father?,Neapolitan,Neapolitan,False,False
v06a,dev_1566,bridge_comparison,STABLE,Do both films: The Wrath Of God and Cursed (2005 Film) have the directors from the same country?,yes,yes,True,True
parent,dev_1566,bridge_comparison,STABLE,Do both films: The Wrath Of God and Cursed (2005 Film) have the directors from the same country?,yes,yes,True,True
v06a,dev_5292,comparison,STABLE,"Who is older, Augusto Gama or Saleh Al-Dawod?",Saleh Al-Dawod,Saleh Al-Dawod,True,True
parent,dev_5292,comparison,STABLE,"Who is older, Augusto Gama or Saleh Al-Dawod?",Saleh Al-Dawod,Saleh Al-Dawod,True,True
v06a,dev_11285,bridge_comparison,STABLE,"Which film has the director born later, The Night Of The Party or The Enchanted Valley?",The Night Of The Party,The Night of the Party,True,True
parent,dev_11285,bridge_comparison,STABLE,"Which film has the director born later, The Night Of The Party or The Enchanted Valley?",The Night Of The Party,The Night of the Party,True,True
v06a,dev_2020,bridge_comparison,LOSS,"Which film has the director who was born earlier, Augusto Anibal Quer Casar or Law Of The Tropics?",Augusto Anibal quer casar,unknown,True,False
parent,dev_2020,bridge_comparison,LOSS,"Which film has the director who was born earlier, Augusto Anibal Quer Casar or Law Of The Tropics?",Augusto Anibal Quer Casar,unknown,True,False
v06a,dev_11141,comparison,STABLE,"Which film came out earlier, Chaplinesque, My Life And Hard Times or Evil Streets?","Chaplinesque, My Life And Hard Times","Chaplinesque, My Life And Hard Times",True,True
parent,dev_11141,comparison,STABLE,"Which film came out earlier, Chaplinesque, My Life And Hard Times or Evil Streets?","Chaplinesque, My Life And Hard Times","Chaplinesque, My Life And Hard Times",True,True
v06a,dev_9348,bridge_comparison,STABLE,"Which film has the director who died later, The Whisperers or Concert Of Intrigue?",The Whisperers,The Whisperers,True,True
parent,dev_9348,bridge_comparison,STABLE,"Which film has the director who died later, The Whisperers or Concert Of Intrigue?",The Whisperers,The Whisperers,True,True
v06a,dev_9212,bridge_comparison,STABLE,"Which film has the director who is older, A Reno Divorce or Hills Of Kentucky?",Hills Of Kentucky,Hills Of Kentucky,True,True
parent,dev_9212,bridge_comparison,STABLE,"Which film has the director who is older, A Reno Divorce or Hills Of Kentucky?",Hills Of Kentucky,Hills Of Kentucky,True,True
v06a,dev_3606,compositional,STABLE,Where was the director of film Kon Khon born?,Bang Khonthi District,Bang Khonthi District,True,True
parent,dev_3606,compositional,STABLE,Where was the director of film Kon Khon born?,Bang Khonthi District,Bang Khonthi District,True,True
v06a,dev_729,comparison,STABLE,Are Freestylers and The Nouvelles both from the same country?,yes,yes,True,True
parent,dev_729,comparison,STABLE,Are Freestylers and The Nouvelles both from the same country?,yes,yes,True,True
v06a,dev_8181,comparison,STABLE,"Which film was released first, A Romance Of Seville or Pirates Of The Sky?",Pirates of the Sky,Pirates of the Sky,True,True
parent,dev_8181,comparison,STABLE,"Which film was released first, A Romance Of Seville or Pirates Of The Sky?",Pirates of the Sky,Pirates of the Sky,True,True
v06a,dev_379,comparison,STABLE,Who was born first out of Alexey Volkonsky and Wanderley Oliveira?,Wanderley Oliveira,Wanderley Oliveira,True,True
parent,dev_379,comparison,STABLE,Who was born first out of Alexey Volkonsky and Wanderley Oliveira?,Wanderley Oliveira,Wanderley Oliveira,True,True
v06a,dev_12550,inference,STABLE,Who is the maternal grandmother of Eleanor Of Brittany (Abbess)?,Eleanor of Provence,Eleanor of Provence,True,True
parent,dev_12550,inference,STABLE,Who is the maternal grandmother of Eleanor Of Brittany (Abbess)?,Eleanor of Provence,Eleanor of Provence,True,True
v06a,dev_2959,bridge_comparison,STABLE,"Do both films: And Then There Were None (1945 Film) and Langue Sacrée, Langue Parlée have the directors from the same country?",yes,yes,True,True
parent,dev_2959,bridge_comparison,STABLE,"Do both films: And Then There Were None (1945 Film) and Langue Sacrée, Langue Parlée have the directors from the same country?",yes,yes,True,True
v06a,dev_8199,compositional,LOSS,Where was the director of film The Devil (1972 Film) born?,Lwów,New York City,True,False
parent,dev_8199,compositional,STABLE,Where was the director of film The Devil (1972 Film) born?,Lwów (Lviv),New York City,False,False
v06a,dev_5351,inference,STABLE,"Who is Joseph I, Holy Roman Emperor's paternal grandfather?",Ferdinand III,Ferdinand III,True,True
parent,dev_5351,inference,STABLE,"Who is Joseph I, Holy Roman Emperor's paternal grandfather?","Ferdinand III, Holy Roman Emperor",Ferdinand III,True,True
v06a,dev_1629,compositional,STABLE,Where was the director of film Sixteen (1943 Film) born?,Santiago del Estero,Santiago del Estero,True,True
parent,dev_1629,compositional,STABLE,Where was the director of film Sixteen (1943 Film) born?,Santiago del Estero,Santiago del Estero,True,True
v06a,dev_8530,inference,STABLE,Who is Coloman Of Galicia's paternal grandfather?,Andrew II of Hungary,Not mentioned in the text,False,False
parent,dev_8530,inference,LOSS,Who is Coloman Of Galicia's paternal grandfather?,Béla III of Hungary,Not mentioned in the text,True,False
v06a,dev_7046,inference,STABLE,Who is Princess Caroline Napoléon's maternal grandmother?,Princess Maria Theresa of Bourbon-Two Sicilies,Princess Béatrice of Bourbon-Two Sicilies,False,False
parent,dev_7046,inference,STABLE,Who is Princess Caroline Napoléon's maternal grandmother?,Princess Maria Antonia of the Two Sicilies,Princess Béatrice of Bourbon-Two Sicilies,False,False
v06a,dev_4060,compositional,STABLE,Where was the director of film Munchie born?,Jim Wynorski,answer,False,False
parent,dev_4060,compositional,LOSS,Where was the director of film Munchie born?,New York City,answer,True,False
v06a,dev_4020,compositional,STABLE,What is the place of birth of Kaarin Fairfax's husband?,Australia,Australia,False,False
parent,dev_4020,compositional,STABLE,What is the place of birth of Kaarin Fairfax's husband?,Australia,Australia,False,False
v06a,dev_8491,comparison,STABLE,"Which film came out first, Lucky 13 or Recollections Of The Yellow House?",Recollections of the Yellow House,Recollections Of The Yellow House,True,True
parent,dev_8491,comparison,STABLE,"Which film came out first, Lucky 13 or Recollections Of The Yellow House?",Recollections Of The Yellow House,Recollections Of The Yellow House,True,True
v06a,dev_7221,bridge_comparison,STABLE,"Which film has the director died first, Gli Eroi Del Doppio Gioco or Studujeme Za Školou?",Studujeme Za Školou,Studujeme Za Školou,True,True
parent,dev_7221,bridge_comparison,STABLE,"Which film has the director died first, Gli Eroi Del Doppio Gioco or Studujeme Za Školou?",Studujeme Za Školou,Studujeme Za Školou,True,True
v06a,dev_10870,comparison,STABLE,Was Paul Antoine Brunel or George Markham Giffard born first?,George Markham Giffard,George Markham Giffard,True,True
parent,dev_10870,comparison,STABLE,Was Paul Antoine Brunel or George Markham Giffard born first?,George Markham Giffard,George Markham Giffard,True,True
v06a,dev_4865,bridge_comparison,STABLE,"Which film has the director born later, No. 1 Of The Secret Service or Fog And Sun?",No. 1 Of The Secret Service,No. 1 Of The Secret Service,True,True
parent,dev_4865,bridge_comparison,GAIN,"Which film has the director born later, No. 1 Of The Secret Service or Fog And Sun?",,No. 1 Of The Secret Service,False,True
v06a,dev_9321,bridge_comparison,STABLE,Do both films The Fighting Sap and 24 Hour Psycho have the directors from the same country?,no,no,True,True
parent,dev_9321,bridge_comparison,STABLE,Do both films The Fighting Sap and 24 Hour Psycho have the directors from the same country?,no,no,True,True
v06a,dev_6901,compositional,STABLE,What is the place of birth of William Iron Arm's father?,Coutances,Coutances,True,True
parent,dev_6901,compositional,STABLE,What is the place of birth of William Iron Arm's father?,Coutances,Coutances,True,True
v06a,dev_11738,comparison,STABLE,"Who was born first, Wycliffe Juma or Nicolas Borodine?",Wycliffe Juma,Wycliffe Juma,True,True
parent,dev_11738,comparison,STABLE,"Who was born first, Wycliffe Juma or Nicolas Borodine?",Wycliffe Juma,Wycliffe Juma,True,True
v06a,dev_7692,comparison,STABLE,"Which film came out earlier, Where Are You? I'M Here or Patnam Vachina Pativrathalu?",Patnam Vachina Pativrathalu,Patnam Vachina Pativrathalu,True,True
parent,dev_7692,comparison,STABLE,"Which film came out earlier, Where Are You? I'M Here or Patnam Vachina Pativrathalu?",Patnam Vachina Pativrathalu,Patnam Vachina Pativrathalu,True,True
v06a,dev_5325,compositional,STABLE,What nationality is the composer of film Dhilluku Dhuddu 2?,Singaporean,Singaporean,True,True
parent,dev_5325,compositional,STABLE,What nationality is the composer of film Dhilluku Dhuddu 2?,Singaporean,Singaporean,True,True
v06a,dev_7403,compositional,LOSS,When is Susanne Porsche's husband's birthday?,10 May 1943,"August 14, 1937",True,False
parent,dev_7403,compositional,LOSS,When is Susanne Porsche's husband's birthday?,10 May 1943,"August 14, 1937",True,False
v06a,dev_3668,inference,STABLE,Who is Princess Irina Alexandrovna Of Russia's maternal grandmother?,Maria Feodorovna (Dagmar of Denmark),Maria Feodorovna (Dagmar of Denmark),True,True
parent,dev_3668,inference,STABLE,Who is Princess Irina Alexandrovna Of Russia's maternal grandmother?,Maria Feodorovna (Dagmar of Denmark),Maria Feodorovna (Dagmar of Denmark),True,True
v06a,dev_5416,comparison,STABLE,Does Igor Jijikine have the same nationality as Nicolas Claxton?,yes,yes,True,True
parent,dev_5416,comparison,STABLE,Does Igor Jijikine have the same nationality as Nicolas Claxton?,yes,yes,True,True
v06a,dev_7146,compositional,STABLE,What nationality is the director of film 700 Sundays (Film)?,American,American,True,True
parent,dev_7146,compositional,STABLE,What nationality is the director of film 700 Sundays (Film)?,American,American,True,True
v06a,dev_3133,compositional,STABLE,Where was the place of burial of Archduchess Eleanor Of Austria (1582–1620)'s mother?,Graz,Graz,True,True
parent,dev_3133,compositional,GAIN,Where was the place of burial of Archduchess Eleanor Of Austria (1582–1620)'s mother?,Vienna,Graz,False,True
v06a,dev_9993,compositional,STABLE,Where did the director of film The Alster Case die?,Baltimore,Baltimore,True,True
parent,dev_9993,compositional,STABLE,Where did the director of film The Alster Case die?,Baltimore,Baltimore,True,True
v06a,dev_1060,comparison,STABLE,"Who was born earlier, Humphrey Edwardes-Jones or Ángel De La Torre?",Ángel De La Torre,Ángel De La Torre,True,True
parent,dev_1060,comparison,STABLE,"Who was born earlier, Humphrey Edwardes-Jones or Ángel De La Torre?",Ángel De La Torre,Ángel De La Torre,True,True
v06a,dev_448,compositional,STABLE,Where was the place of death of Ginevra D'Este's husband?,Italy,Italy,False,False
parent,dev_448,compositional,STABLE,Where was the place of death of Ginevra D'Este's husband?,1807,Italy,False,False
v06a,dev_2765,comparison,STABLE,Are Morassa and Mamati located in the same country?,no,no,True,True
parent,dev_2765,comparison,STABLE,Are Morassa and Mamati located in the same country?,no,no,True,True
v06a,dev_4237,compositional,STABLE,What is the award that the director of film Margaret Atwood: Once In August received?,None,None,False,False
parent,dev_4237,compositional,LOSS,What is the award that the director of film Margaret Atwood: Once In August received?,Fulbright scholarship,None,True,False
v06a,dev_5534,compositional,STABLE,Where was the director of film Please (Film) born?,Gothenburg,Gothenburg,True,True
parent,dev_5534,compositional,GAIN,Where was the director of film Please (Film) born?,,Gothenburg,False,True
v06a,dev_520,compositional,STABLE,Where was the director of film Aylwin (Film) born?,Weston-super-Mare,Weston-super-Mare,True,True
parent,dev_520,compositional,STABLE,Where was the director of film Aylwin (Film) born?,Weston-super-Mare,Weston-super-Mare,True,True
v06a,dev_5853,bridge_comparison,STABLE,"Which film has the director who is older than the other, But Not In Vain or The Beast Of Babylon Against The Son Of Hercules?",But Not In Vain,But Not In Vain,True,True
parent,dev_5853,bridge_comparison,STABLE,"Which film has the director who is older than the other, But Not In Vain or The Beast Of Babylon Against The Son Of Hercules?",But Not In Vain,But Not In Vain,True,True
v06a,dev_4021,inference,STABLE,Who is the paternal grandfather of Shahrbanu?,Shahriyar,Shahriyar,True,True
parent,dev_4021,inference,GAIN,Who is the paternal grandfather of Shahrbanu?,Yazdegerd III,Shahriyar,False,True
v06a,dev_3792,compositional,LOSS,Where was the director of film Gamers: The Movie born?,Pasadena,Chris Folino,True,False
parent,dev_3792,compositional,LOSS,Where was the director of film Gamers: The Movie born?,Pasadena,Chris Folino,True,False
v06a,dev_10047,bridge_comparison,STABLE,Do director of film Ten9Eight: Shoot For The Moon and director of film Sabotage (1936 Film) share the same nationality?,No,no,False,False
parent,dev_10047,bridge_comparison,LOSS,Do director of film Ten9Eight: Shoot For The Moon and director of film Sabotage (1936 Film) share the same nationality?,yes,no,True,False
v06a,dev_6785,bridge_comparison,STABLE,Do both directors of films Villa Amalia (Film) and Félicité (2017 Film) have the same nationality?,yes,yes,True,True
parent,dev_6785,bridge_comparison,STABLE,Do both directors of films Villa Amalia (Film) and Félicité (2017 Film) have the same nationality?,yes,yes,True,True
v06a,dev_5885,comparison,STABLE,"Which film was released first, Sons Of Ram or To Play Or To Die?",To Play or to Die,To Play or to Die,True,True
parent,dev_5885,comparison,STABLE,"Which film was released first, Sons Of Ram or To Play Or To Die?",To Play Or To Die,To Play or to Die,True,True
v06a,dev_910,comparison,STABLE,Are The Pursuit Of Happiness (1934 Film) and East Lynne (1931 Film) from the same country?,yes,yes,True,True
parent,dev_910,comparison,STABLE,Are The Pursuit Of Happiness (1934 Film) and East Lynne (1931 Film) from the same country?,yes,yes,True,True
v06a,dev_10994,bridge_comparison,STABLE,"Which film whose director is younger, The Man Unconquerable or Woman Without A Past?",Woman Without A Past,Woman Without A Past,True,True
parent,dev_10994,bridge_comparison,STABLE,"Which film whose director is younger, The Man Unconquerable or Woman Without A Past?",Woman Without A Past,Woman Without A Past,True,True
v06a,dev_12160,bridge_comparison,STABLE,"Which film whose director is younger, Bloody Moon or The House Of Pulcini?",Bloody Moon,Bloody Moon,True,True
parent,dev_12160,bridge_comparison,STABLE,"Which film whose director is younger, Bloody Moon or The House Of Pulcini?",Bloody Moon,Bloody Moon,True,True
v06a,dev_9193,bridge_comparison,GAIN,"Which film has the director who was born later, Too Many Wives or The Secret Bride?",answer,The Secret Bride,False,True
parent,dev_9193,bridge_comparison,STABLE,"Which film has the director who was born later, Too Many Wives or The Secret Bride?",The Secret Bride,The Secret Bride,True,True
v06a,dev_8664,comparison,STABLE,"Which film was released earlier, The Battle Of Algiers or Carib Gold?",Carib Gold,Carib Gold,True,True
parent,dev_8664,comparison,STABLE,"Which film was released earlier, The Battle Of Algiers or Carib Gold?",Carib Gold,Carib Gold,True,True
v06a,dev_2828,compositional,STABLE,What nationality is the director of film Prince Or Clown?,Russian,Russian,False,False
parent,dev_2828,compositional,STABLE,What nationality is the director of film Prince Or Clown?,Russian,Russian,False,False
v06a,dev_12382,comparison,STABLE,"Which school was founded first, Colegio Israelita De México or Waldorf University?",Waldorf University,Waldorf University,True,True
parent,dev_12382,comparison,STABLE,"Which school was founded first, Colegio Israelita De México or Waldorf University?",Waldorf University,Waldorf University,True,True
v06a,dev_5402,comparison,STABLE,"Are both Chak 26/11-L, Chichawatni and Chah-E Ali Kapari located in the same country?",no,no,True,True
parent,dev_5402,comparison,STABLE,"Are both Chak 26/11-L, Chichawatni and Chah-E Ali Kapari located in the same country?",no,no,True,True
v06a,dev_10404,bridge_comparison,STABLE,"Which film has the director died earlier, Modern Mothers or The Slaughter Rule?",The Slaughter Rule,The Slaughter Rule,True,True
parent,dev_10404,bridge_comparison,GAIN,"Which film has the director died earlier, Modern Mothers or The Slaughter Rule?",Modern Mothers,The Slaughter Rule,False,True
v06a,dev_12150,bridge_comparison,STABLE,"Which film has the director died earlier, Hot Rod Rumble or Nagalit Ang Buwan Sa Haba Ng Gabi?",Nagalit Ang Buwan Sa Haba Ng Gabi,Nagalit Ang Buwan Sa Haba Ng Gabi,True,True
parent,dev_12150,bridge_comparison,STABLE,"Which film has the director died earlier, Hot Rod Rumble or Nagalit Ang Buwan Sa Haba Ng Gabi?",Nagalit Ang Buwan Sa Haba Ng Gabi,Nagalit Ang Buwan Sa Haba Ng Gabi,True,True
v06a,dev_5162,comparison,STABLE,"Which film was released first, The Prince Of Temple Street or Traveler On All Saints' Day?",Traveler On All Saints' Day,Traveler On All Saints' Day,True,True
parent,dev_5162,comparison,STABLE,"Which film was released first, The Prince Of Temple Street or Traveler On All Saints' Day?",Traveler On All Saints' Day,Traveler On All Saints' Day,True,True
v06a,dev_7729,compositional,STABLE,What is the place of birth of the director of film The Criminal (1926 Film)?,Poland,Poland,True,True
parent,dev_7729,compositional,GAIN,What is the place of birth of the director of film The Criminal (1926 Film)?,Alexandre Ryder,Poland,False,True
v06a,dev_5002,bridge_comparison,STABLE,Do both directors of films Júdás and The Wilby Conspiracy share the same nationality?,no,no,False,False
parent,dev_5002,bridge_comparison,LOSS,Do both directors of films Júdás and The Wilby Conspiracy share the same nationality?,yes,no,True,False
v06a,dev_738,inference,STABLE,Who is Countess Alexandra Von Zarnekau's paternal grandmother?,Princess Therese of Nassau-Weilburg,Princess Therese of Nassau-Weilburg,True,True
parent,dev_738,inference,STABLE,Who is Countess Alexandra Von Zarnekau's paternal grandmother?,Princess Therese of Nassau-Weilburg,Princess Therese of Nassau-Weilburg,True,True
v06a,dev_1109,comparison,STABLE,"Who is older, Kevin Hennessy or Emilia Bayer?",Emilia Bayer,Emilia Bayer,True,True
parent,dev_1109,comparison,STABLE,"Who is older, Kevin Hennessy or Emilia Bayer?",Emilia Bayer,Emilia Bayer,True,True
v06a,dev_5547,compositional,STABLE,Where was the director of film Fragment Of An Empire born?,Rēzekne,Rēzekne,True,True
parent,dev_5547,compositional,STABLE,Where was the director of film Fragment Of An Empire born?,Rēzekne,Rēzekne,True,True
v06a,dev_10246,inference,STABLE,Who is Philip Of Ibelin (1180–1227)'s maternal grandmother?,Maria Taronitissa,Maria Taronitissa,True,True
parent,dev_10246,inference,STABLE,Who is Philip Of Ibelin (1180–1227)'s maternal grandmother?,Maria Taronitissa,Maria Taronitissa,True,True
v06a,dev_11641,compositional,STABLE,What is the place of birth of Consort Dugu's husband?,China,Chang'an,False,False
parent,dev_11641,compositional,STABLE,What is the place of birth of Consort Dugu's husband?,China,Chang'an,False,False
v06a,dev_10872,compositional,STABLE,Which award the director of film Better Man (Miniseries) won?,Young Australian of the Year,Young Australian of the Year,True,True
parent,dev_10872,compositional,STABLE,Which award the director of film Better Man (Miniseries) won?,Young Australian of the Year,Young Australian of the Year,True,True
v06a,dev_5311,comparison,STABLE,"Who was born later, Stephen Sowerby or Just Mathias Thiele?",Stephen Sowerby,Stephen Sowerby,True,True
parent,dev_5311,comparison,STABLE,"Who was born later, Stephen Sowerby or Just Mathias Thiele?",Stephen Sowerby,Stephen Sowerby,True,True
v06a,dev_4311,compositional,STABLE,What is the place of birth of the director of film Thomas The Impostor?,France,France,False,False
parent,dev_4311,compositional,STABLE,What is the place of birth of the director of film Thomas The Impostor?,France,France,False,False
v06a,dev_2910,comparison,STABLE,"Which film was released first, The First 9½ Weeks or Christmas In Tattertown?",Christmas In Tattertown,Christmas In Tattertown,True,True
parent,dev_2910,comparison,STABLE,"Which film was released first, The First 9½ Weeks or Christmas In Tattertown?",Christmas In Tattertown,Christmas In Tattertown,True,True
v06a,dev_7217,inference,LOSS,Who is the paternal grandfather of Acfred I Of Carcassonne?,Bello of Carcassonne,Oliba I of Carcassonne,True,False
parent,dev_7217,inference,STABLE,Who is the paternal grandfather of Acfred I Of Carcassonne?,Sunifred I of Barcelona,Oliba I of Carcassonne,False,False
v06a,dev_3343,compositional,STABLE,"Where was the place of death of Charles I, Margrave Of Baden-Baden's father?",Mühlburg,Mühlburg,True,True
parent,dev_3343,compositional,GAIN,"Where was the place of death of Charles I, Margrave Of Baden-Baden's father?",Pforzheim,Mühlburg,False,True
v06a,dev_6782,compositional,GAIN,"Where was the place of burial of the director of film My Daughter, The Socialist?",Greece,First Cemetery of Athens,False,True
parent,dev_6782,compositional,GAIN,"Where was the place of burial of the director of film My Daughter, The Socialist?",Huang Jianxin,First Cemetery of Athens,False,True
v06a,dev_3448,compositional,STABLE,What is the place of birth of the director of film Melati Van Agam (1931 Film)?,Dutch East Indies,Dutch East Indies,False,False
parent,dev_3448,compositional,LOSS,What is the place of birth of the director of film Melati Van Agam (1931 Film)?,Indonesian,Dutch East Indies,True,False
v06a,dev_5667,bridge_comparison,STABLE,"Which film has the director who died first, The Secret Of Mayerling or Brand Of The Devil?",Brand of the Devil,Brand of the Devil,True,True
parent,dev_5667,bridge_comparison,STABLE,"Which film has the director who died first, The Secret Of Mayerling or Brand Of The Devil?",Brand Of The Devil,Brand of the Devil,True,True
v06a,dev_5776,comparison,STABLE,"Which album came out first, Zwischenspiel – Alles Für Den Herrn or Çà Et Là Du Japon?",Çà Et Là Du Japon,Çà Et Là Du Japon,True,True
parent,dev_5776,comparison,STABLE,"Which album came out first, Zwischenspiel – Alles Für Den Herrn or Çà Et Là Du Japon?",Çà Et Là Du Japon,Çà Et Là Du Japon,True,True
v06a,dev_2261,bridge_comparison,GAIN,"Which film has the director who was born earlier, Knife In The Water or Born To Speed?",Knife in the Water,Born To Speed,False,True
parent,dev_2261,bridge_comparison,STABLE,"Which film has the director who was born earlier, Knife In The Water or Born To Speed?",Born To Speed,Born To Speed,True,True
v06a,dev_11888,inference,STABLE,Who is the paternal grandmother of Prince Albert Of Schleswig-Holstein-Sonderburg-Glücksburg?,Louise Caroline of Hesse-Kassel,Princess Louise Caroline of Hesse-Kassel,True,True
parent,dev_11888,inference,STABLE,Who is the paternal grandmother of Prince Albert Of Schleswig-Holstein-Sonderburg-Glücksburg?,Princess Louise Caroline of Hesse-Kassel,Princess Louise Caroline of Hesse-Kassel,True,True
v06a,dev_432,bridge_comparison,STABLE,Are the directors of both films Der Blindgänger and Hotel Desire from the same country?,no,no,False,False
parent,dev_432,bridge_comparison,STABLE,Are the directors of both films Der Blindgänger and Hotel Desire from the same country?,no,no,False,False
v06a,dev_1240,compositional,STABLE,"When did Magnus, Prince Of Anhalt-Köthen's father die?",28 August 1473,28 August 1473,True,True
parent,dev_1240,compositional,GAIN,"When did Magnus, Prince Of Anhalt-Köthen's father die?",9 January 1475,28 August 1473,False,True
v06a,dev_4479,comparison,STABLE,"Which film came out earlier, Princesas or Aaron Cohen'S Debt?",Aaron Cohen's Debt,Aaron Cohen's Debt,True,True
parent,dev_4479,comparison,GAIN,"Which film came out earlier, Princesas or Aaron Cohen'S Debt?",they came out on the same day,Aaron Cohen's Debt,False,True
v06a,dev_2271,compositional,STABLE,What is the place of birth of Charles Eugène Gabriel De Sombreuil's father?,Ensisheim,Ensisheim,True,True
parent,dev_2271,compositional,STABLE,What is the place of birth of Charles Eugène Gabriel De Sombreuil's father?,Ensisheim,Ensisheim,True,True
v06a,dev_768,comparison,STABLE,"Are the movies Seeing Red (1992 Film) and Wind From The Icy Country, from the same country?",yes,yes,True,True
parent,dev_768,comparison,STABLE,"Are the movies Seeing Red (1992 Film) and Wind From The Icy Country, from the same country?",yes,yes,True,True
v06a,dev_7331,inference,STABLE,Who is the paternal grandfather of Władysław I Of Płock?,"Siemowit III, Duke of Masovia","Siemowit III, Duke of Masovia",True,True
parent,dev_7331,inference,GAIN,Who is the paternal grandfather of Władysław I Of Płock?,"Ziemowit I, Prince of Masovia","Siemowit III, Duke of Masovia",False,True
v06a,dev_627,comparison,STABLE,"Do the movies Sweet Mama (Film) and Soy Andina, originate from the same country?",yes,yes,True,True
parent,dev_627,comparison,STABLE,"Do the movies Sweet Mama (Film) and Soy Andina, originate from the same country?",yes,yes,True,True
v06a,dev_4478,compositional,STABLE,What is the place of birth of the director of film Julius Caesar (1970 Film)?,England,England,False,False
parent,dev_4478,compositional,LOSS,What is the place of birth of the director of film Julius Caesar (1970 Film)?,Essex,England,True,False
